,0
жена,1064
насилие,437
мъж,409
момиче,371
майка,298
жени,257
след,247
домашно,227
над,201
софия,199
убийството,193
годишно,176
майката,169
възрастна,146
във,146
ареста,143
съпругата,140
домашното,139
годишна,138
убийство,138
видео,135
срещу,131
дъщеря,129
задържаха,124
жената,120
години,104
заради,102
мъжа,100
затвор,96
пред,89
годишен,88
убил,87
побой,85
млада,83
смъртта,80
нож,77
две,76
баба,76
уби,76
пребил,76
откриха,75
пловдив,74
приятелката,74
жените,73
преби,70
снимки,67
варна,66
смърт,65
задържан,65
при,64
почина,62
село,61
насилието,60
остава,59
дома,58
момичета,58
помощ,58
която,58
има,53
със,53
край,53
защита,52
съдът,52
живота,51
перник,50
прокуратурата,50
момичето,50
беше,49
болница,48
годишната,48
обвинен,46
ученичка,45
няма,44
българия,43
баща,43
благоевград,43
нас,43
жертва,42
мъжът,42
убита,42
бургас,41
съпруга,41
протест,40
оставиха,40
който,39
убитата,39
една,38
русе,38
жестоко,37
стара,37
жертвите,37
момиченце,37
жертви,36
ден,36
обвинение,36
загора,36
btv,36
приятелка,36
арест,36
тялото,35
като,34
съд,33
лева,33
годишното,33
син,33
случая,32
полицията,32
мъже,31
сина,31
бившата,31
остави,30
училище,30
той,30
говори,30
под,29
нападна,29
издирват,29
арестуваха,28
без,28
разследват,27
през,27
закона,27
мъртва,27
изнасилване,27
защо,27
между,26
пребита,26
само,26
дом,26
към,26
момче,26
пребиха,26
още,26
бащата,25
била,25
подкрепа,25
нов,25
случаите,25
което,25
мвр,25
полицай,25
тяло,25
младеж,25
двама,25
сливен,25
агресия,24
удари,24
намериха,24
година,24
делото,24
тежко,24
как,24
убития,24
промени,24
нападение,24
иска,23
ловеч,23
най,23
шествие,23
трима,23
обвиниха,23
бнт,23
всяка,23
бременна,23
спасиха,22
шумен,22
самоуби,22
три,22
скандал,22
живее,22
дни,22
обвинения,22
труп,22
може,21
твърди,21
все,21
преди,21
повече,21
съм,21
жесток,21
заподозрян,21
мъжете,21
враца,21
повдигнаха,20
велико,20
главата,20
състоянието,20
тормоз,20
пътя,20
намушка,20
починала,20
пазарджик,20
случай,19
бабата,19
ученички,19
студентка,19
близки,19
какво,19
търново,19
своя,18
nova,18
центъра,18
център,18
доживотен,18
опасност,18
присъда,18
постоянен,18
дъщерята,17
киселина,17
измама,17
синът,17
бой,17
опит,17
столичния,17
простреля,17
убиха,17
обвинена,16
ало,16
ръст,16
убие,16
първо,16
рецидивист,16
правата,16
възрастни,16
починалата,16
бил,16
задържания,16
трафик,16
бряг,15
мария,15
полицаи,15
внучката,15
загина,15
ямбол,15
мярката,15
получи,15
приятеля,15
това,15
историята,15
даде,15
рани,15
продължава,15
лясковец,15
сигнали,15
хора,15
отново,14
сигнал,14
съдят,14
видин,14
мерки,14
пострадали,14
зов,14
адвокат,14
месеца,14
съученичка,14
ревност,14
младата,14
русенско,14
мъртво,14
възрастната,14
слънчев,14
побоя,14
обвиненият,13
болницата,13
младежа,13
обзор,13
отива,13
нападението,13
два,13
задържаният,13
осъдиха,13
младо,13
решава,13
състояние,13
цалапица,13
които,13
лекари,13
убила,13
квартал,13
живот,13
студентката,13
жестокото,13
трябва,13
годишния,13
горна,13
начин,13
оряховица,13
души,13
двете,13
много,13
стана,12
неизвестност,12
кюстендил,12
протеста,12
сестра,12
искат,12
защото,12
пловдивско,12
пирогов,12
група,12
бъде,12
съда,12
опитал,12
какви,12
учителка,12
георги,12
път,12
открита,12
съпруг,12
протести,12
кола,12
простреляната,12
нападнаха,12
младост,12
юмруци,11
няколко,11
дупница,11
издирване,11
търси,11
токчета,11
всички,11
един,11
справедливост,11
даная,11
герб,11
застреля,11
търсят,11
причината,11
задържани,11
бивш,11
заплашил,11
блудство,11
кой,11
вероника,11
нападнал,11
димитър,11
обновена,11
димитровград,11
убия,11
евро,11
опита,11
казанлък,11
държавата,11
убиеца,11
време,11
евгения,10
особено,10
шуменско,10
бившият,10
намерена,10
спаси,10
загиналия,10
детска,10
макетен,10
виолета,10
донева,10
сияна,10
престъпление,10
монтанско,10
прострелял,10
свобода,10
бяла,10
разследване,10
малко,10
измамници,10
криминално,10
нуждае,10
отвличане,10
борисов,10
врачанско,10
помага,10
увеличават,10
монтана,10
държал,10
постоянно,10
нови,10
млад,10
затвора,10
дело,10
къща,10
институциите,10
пещера,10
река,10
разград,10
връзка,10
заканил,10
задържана,9
лекар,9
бори,9
домашен,9
кризисен,9
когато,9
пъти,9
открито,9
него,9
едно,9
март,9
спор,9
часа,9
вече,9
промените,9
младежи,9
нова,9
час,9
годината,9
българка,9
болна,9
обезобразеното,9
докато,9
обвини,9
откри,9
заловиха,9
пребитата,9
гледа,9
улицата,9
изчезнала,9
разказ,9
очите,9
дебора,9
памет,9
прокурор,9
разследва,9
бременната,9
пушка,9
мен,9
covid,9
грабеж,9
ограби,9
стрелял,9
пребили,9
заповед,9
повреда,9
близките,9
лице,9
градина,9
нея,9
момчилград,8
влиза,8
брутално,8
христо,8
нито,8
средства,8
александров,8
прие,8
пострадалите,8
разбиха,8
мездра,8
гледат,8
място,8
викторио,8
мартин,8
изнасилил,8
системно,8
годишният,8
проституция,8
тервел,8
очи,8
задържаните,8
разследването,8
добрич,8
бита,8
проверка,8
семеен,8
задържа,8
ако,8
бившия,8
блудствал,8
психолог,8
убити,8
според,8
сред,8
пострада,8
двора,8
ученичката,8
непълнолетни,8
самотна,8
месец,8
бруталното,8
стража,8
парк,8
убитото,8
николай,8
българска,8
телесна,8
вълна,8
издирвана,8
удар,8
намушкал,8
намери,8
друга,8
апартамент,8
стреля,8
заплашвал,8
затворник,8
бургаско,8
пистолет,8
запали,8
трагедията,8
трета,8
мъртви,8
златков,7
ограбиха,7
мним,7
момчета,7
дали,7
говорят,7
стотици,7
закана,7
трагедия,7
шест,7
каква,7
бутилка,7
кома,7
магазин,7
следи,7
изгубили,7
данни,7
цар,7
омуртаг,7
косата,7
лечение,7
присъдата,7
намерено,7
имало,7
втори,7
нужда,7
пострадала,7
хотел,7
наби,7
спешна,7
страх,7
хиляди,7
тази,7
случаят,7
случаи,7
свищов,7
загиналата,7
отвлякъл,7
присъди,7
цветан,7
битото,7
причините,7
куфар,7
арестуван,7
габриела,7
съпругът,7
момчето,7
ексклузивно,7
остават,7
актрисата,7
шева,7
загуби,7
убиецът,7
социален,7
сексуално,7
зад,7
министерство,7
всеки,7
ранил,7
едното,7
сандански,7
нападателите,7
чук,7
началото,7
каза,7
семерджиев,7
проявен,6
иван,6
проблем,6
ясна,6
сме,6
остригал,6
хасково,6
убило,6
братя,6
депутат,6
паднала,6
български,6
простреляна,6
хил,6
марта,6
избяга,6
семейство,6
живеел,6
коронавирус,6
бъдат,6
самоубие,6
семейството,6
габрово,6
обра,6
ограбил,6
непълнолетно,6
земя,6
бобов,6
галерия,6
изчезна,6
метрото,6
работи,6
други,6
галиче,6
петров,6
близо,6
или,6
дол,6
репортаж,6
плевен,6
министър,6
пребито,6
къщата,6
стрелеца,6
бременни,6
били,6
арестувани,6
пуснаха,6
писмо,6
момичетата,6
разградско,6
намушкаха,6
обвинени,6
люлин,6
дядо,6
сащ,6
заплаши,6
против,6
пострадалото,6
внучето,6
борбата,6
радомир,6
брадва,6
наказания,6
рила,6
десетки,6
терзиев,6
върху,6
славяново,6
въпреки,6
изчезналата,6
прегази,6
фонд,6
социалните,6
извършителя,6
костенец,6
жертвата,6
германия,6
версиите,6
четвърта,6
песен,6
снимка,6
страната,6
сигналите,6
започва,6
михайлов,6
тормози,6
ученик,6
напрежение,6
росен,6
после,6
взрива,6
банишора,6
проект,6
първи,6
блок,6
жилище,6
митко,6
малката,6
заведение,6
очаква,6
искам,6
отвлечено,6
дъщеричката,6
луковит,6
специално,6
поиска,6
коли,6
близнаците,6
множество,6
цел,6
убиец,6
калоян,6
ограбили,6
пейо,6
следите,6
никой,6
полицейско,6
престъпна,6
брат,6
токов,5
спасители,5
конаре,5
строги,5
условна,5
смъртоносно,5
около,5
съпричастност,5
честита,5
среща,5
друго,5
спрямо,5
осъди,5
открит,5
грижи,5
застреляна,5
дърво,5
застреляха,5
изнасилвал,5
васил,5
свят,5
дъщери,5
балкона,5
абсурд,5
простреляха,5
отказа,5
стабилно,5
плен,5
ключ,5
осем,5
нарязаната,5
ръце,5
българин,5
съседи,5
извършителят,5
столицата,5
кърджали,5
канал,5
история,5
първата,5
сарафов,5
агресията,5
пилот,5
било,5
свой,5
взрив,5
съдебната,5
шеф,5
въздушна,5
димитров,5
разказва,5
върнаха,5
столичен,5
гората,5
статистика,5
адвокатът,5
отношения,5
бяха,5
интернет,5
борба,5
експертиза,5
излязоха,5
заповеди,5
разлог,5
удуши,5
удрял,5
системата,5
скок,5
студентки,5
клип,5
изплува,5
дара,5
момиченцето,5
екимова,5
дари,5
международния,5
призна,5
приятелят,5
човек,5
причина,5
кампания,5
излезе,5
нотариуса,5
божанов,5
костинброд,5
пеевски,5
имам,5
изписаха,5
приемна,5
делчев,5
варненско,5
открити,5
нападната,5
дора,5
лом,5
изнасили,5
извънредното,5
витоша,5
изчезналото,5
проговори,5
сама,5
заплахи,5
орлин,5
гоце,5
дадоха,5
разкриха,5
трафика,5
сбиване,5
новата,5
разказът,5
обвиняемият,5
президент,5
деня,5
жители,5
сам,5
любов,5
издирваното,5
убито,5
бият,5
правна,5
военен,5
приеха,5
малолетно,5
цветя,5
законови,5
рана,5
нощ,5
нанесъл,5
наказание,5
бдение,5
битка,5
грешка,5
василев,5
пенсията,5
задържане,5
вода,5
правосъдното,5
помагат,5
станала,5
газова,5
близнаци,5
нападал,5
онлайн,5
пак,5
емил,5
починалото,5
стрелбата,5
центрове,5
себе,4
вършец,4
надежда,4
сопот,4
почти,4
пусна,4
шарков,4
ивайло,4
детето,4
наказателния,4
удушена,4
търговищко,4
спи,4
непълнолетен,4
дава,4
вкъщи,4
пълен,4
принудително,4
александър,4
фризьорски,4
майчин,4
виновен,4
искаме,4
ограбвал,4
търговище,4
прокуратура,4
проведе,4
съди,4
отгледала,4
насилник,4
шамар,4
георгиев,4
михайлова,4
проблемът,4
паоло,4
българският,4
възрастен,4
улица,4
русия,4
програма,4
пеев,4
смолян,4
загубила,4
помете,4
кодекс,4
хоро,4
родопите,4
щерк,4
куртово,4
избягал,4
старозагорско,4
заплаха,4
казуса,4
млади,4
валентин,4
разби,4
корема,4
обявена,4
намушкана,4
салон,4
пострадало,4
ангел,4
крадец,4
пет,4
връстничка,4
биха,4
имотна,4
ечемишка,4
едва,4
акт,4
телата,4
решение,4
приятел,4
ранена,4
оправдават,4
българско,4
въоръжен,4
барикадира,4
проблема,4
николов,4
кристиан,4
георгиева,4
остане,4
зам,4
скала,4
клас,4
днес,4
условно,4
потвърдиха,4
здравкова,4
тийнейджър,4
положение,4
отвлечена,4
обвинено,4
макетно,4
агресивна,4
павел,4
ножче,4
работа,4
обвиняемия,4
спешното,4
извадиха,4
област,4
издирваната,4
нападателя,4
органите,4
признал,4
подробности,4
цялата,4
мярка,4
отделение,4
чиито,4
залял,4
калушев,4
юни,4
смолянско,4
кмет,4
слатина,4
сигнала,4
окончателно,4
тежка,4
половин,4
лекарска,4
предлага,4
созопол,4
зверското,4
ранени,4
стават,4
съвети,4
фиш,4
шанс,4
става,4
кръводарители,4
белозем,4
сливенската,4
измамник,4
остана,4
белица,4
чепеларе,4
посягал,4
тото,4
ритници,4
сириец,4
мост,4
доживотна,4
пандемията,4
жестокост,4
правителството,4
палата,4
гърция,4
йорданова,4
обвиняем,4
починало,4
пирин,4
сдвр,4
заседание,4
отложиха,4
гребния,4
траур,4
пресечна,4
прокурорския,4
стрелецът,4
точка,4
украйна,4
хората,4
схема,4
истории,4
травма,4
боя,4
провадия,4
убият,4
столично,4
хвърли,4
внучка,4
айтос,4
издирва,4
болната,4
убийствата,4
самопризнания,4
пребит,4
атв,4
тръба,4
силата,4
проверяват,4
имала,4
ничия,4
многократно,4
обвинява,4
национален,4
клиника,4
кирил,4
лекарите,4
служител,4
гдбоп,4
сестрата,4
парламентът,4
лицето,4
разпит,4
четене,4
превенция,4
габриел,4
половина,4
битката,4
пребивал,4
побои,4
ботев,4
дълго,4
елена,4
акция,4
втора,4
могат,4
треньор,4
решетките,4
града,4
стая,4
жилището,4
тежки,4
лекарства,4
депутатите,4
пример,4
ботунец,4
кабинета,4
сексуални,4
площадка,4
оставката,4
имал,4
нпо,4
поискаха,4
ани,4
отвлякоха,4
юмрук,4
чрез,4
закон,4
направи,4
мнима,4
двамата,4
отвори,4
обезщетение,4
бъбрек,4
никога,4
масов,4
света,4
драма,3
приложение,3
простреляно,3
чака,3
мечка,3
мозъчна,3
агресивен,3
пиян,3
опитаха,3
шум,3
напада,3
разкри,3
причини,3
отвлече,3
продължават,3
църква,3
ковачевци,3
подпалил,3
печата,3
оплака,3
стигна,3
ужаса,3
черепно,3
късно,3
полиция,3
стрелба,3
асеновград,3
симеоновград,3
организации,3
нападател,3
жестокия,3
блокада,3
съсед,3
учители,3
карантина,3
варненската,3
издирването,3
екатерина,3
сблъсък,3
прати,3
обвиняемите,3
помогнаха,3
любовта,3
успя,3
линейката,3
янтра,3
органи,3
самосезира,3
орлов,3
ангелов,3
обяви,3
мвнр,3
полицейска,3
задушаване,3
кога,3
защити,3
ценово,3
командос,3
тракия,3
бие,3
мобилно,3
възраст,3
тримата,3
линейка,3
съдия,3
заподозрения,3
обир,3
портфейл,3
великотърновско,3
булевард,3
око,3
експертизата,3
даниела,3
откритата,3
обвинените,3
никол,3
отговаря,3
дамла,3
минало,3
книга,3
новогодишната,3
вкс,3
отиде,3
внук,3
подава,3
денят,3
залетите,3
невнимание,3
внукът,3
велинград,3
правосъдният,3
изнасилиха,3
производство,3
проституира,3
отрича,3
едногодишната,3
бракове,3
джип,3
столичното,3
захариева,3
метален,3
насилника,3
младежът,3
метро,3
съученик,3
изнасилването,3
осъден,3
вярва,3
оставят,3
застрелял,3
верига,3
красимира,3
мизерия,3
огромна,3
живял,3
ново,3
частна,3
красота,3
нападнато,3
коронавируса,3
линия,3
обраха,3
свързан,3
мирослава,3
кръстовище,3
реши,3
кюстендилско,3
изборите,3
спре,3
трети,3
станишев,3
прегазиха,3
заподозреният,3
премиера,3
взе,3
какъв,3
пневмония,3
раздяла,3
издъхна,3
национална,3
майор,3
биячите,3
българите,3
присъствие,3
самоков,3
дете,3
работата,3
получила,3
училищен,3
подават,3
станаха,3
чакат,3
мигранти,3
директор,3
сексуален,3
ученици,3
григорова,3
сливенско,3
пробол,3
владимирова,3
полицая,3
русенското,3
планински,3
заем,3
моята,3
своята,3
газов,3
поискал,3
кабинетът,3
оценки,3
болници,3
групи,3
предвиждат,3
пети,3
делян,3
храна,3
невинен,3
партньора,3
взривовете,3
екип,3
купел,3
овча,3
столична,3
психолози,3
обвиненията,3
белоградчик,3
тонка,3
нищо,3
прострелян,3
кристина,3
карнобат,3
държана,3
работят,3
спестявания,3
експеримент,3
харманли,3
увеличава,3
броят,3
помогне,3
рангел,3
стадото,3
гръмна,3
стане,3
трафикант,3
истината,3
дават,3
шок,3
права,3
плевенско,3
прегазеното,3
кметът,3
ролята,3
луиза,3
иран,3
гурково,3
средна,3
разпитаха,3
симона,3
страсбург,3
възпитателка,3
експерт,3
иванов,3
епидемия,3
стрелча,3
брак,3
диагноза,3
нотариуси,3
коментар,3
направил,3
галъп,3
бсп,3
седмици,3
водите,3
сътресение,3
урок,3
сотиря,3
многодетна,3
изповед,3
направо,3
варненец,3
организираха,3
извор,3
събраха,3
осъждан,3
елиминиране,3
вярвам,3
лагера,3
панагюрище,3
изгоря,3
страна,3
предадоха,3
жалба,3
ваня,3
асансьор,3
човекоядец,3
завод,3
осъдени,3
хюриет,3
намерената,3
доказва,3
загинал,3
бактерия,3
охранители,3
спомените,3
случва,3
вальо,3
крие,3
открадна,3
осмокласничка,3
влезе,3
мозъчно,3
арсенал,3
бокс,3
оцеляла,3
тунел,3
наред,3
починалия,3
случайно,3
заля,3
алена,3
прибра,3
първа,3
своите,3
нарушения,3
заложници,3
заплашвала,3
ботевград,3
участвали,3
започна,3
планината,3
системен,3
гаранция,3
постави,3
илиян,3
свиленград,3
мъртъв,3
имот,3
пострадаха,3
останали,3
сега,3
млн,3
запаля,3
опити,3
глоби,3
алексиев,3
намерени,3
лека,3
запалена,3
вижда,3
проституират,3
петрохан,3
часове,3
скопие,3
знам,3
съзнание,3
легло,3
красимир,3
достатъчно,3
животни,3
кадри,3
казанлъшко,3
подавала,3
блъскал,3
битов,3
разваляне,3
измамиха,3
лечението,3
филм,3
съпрузи,3
турция,3
загиналото,3
убивам,3
изнасилено,3
софийско,3
проф,3
платформа,3
прегазил,3
често,3
повдигна,3
счупи,3
част,3
палка,3
банско,3
ударена,3
приоритетите,3
видях,3
там,3
град,3
имаше,3
незряща,3
студентски,3
синини,3
погребението,3
учителя,3
приморско,3
предаде,3
свои,3
спря,3
човека,3
когото,3
записи,3
йордан,3
метална,3
вероятно,3
намушкало,3
извадя,3
спомен,3
самозащита,3
рак,3
антония,3
връх,3
радева,3
оцеля,3
дунав,3
върна,3
нарязал,3
юлия,3
емоционална,3
починал,3
ваксинация,3
лица,3
питбул,3
hpv,3
животът,3
лопата,3
вряза,3
спирайте,3
обжалват,3
освободи,3
коледа,3
непозната,3
навръх,3
кула,3
бъдеш,3
набил,3
гимназия,3
радев,3
пита,3
гърдите,3
представя,3
вместо,3
наръга,3
европрокурор,3
теодора,3
мними,2
основен,2
тереза,2
петима,2
кат,2
нощта,2
коклюш,2
таня,2
съученички,2
ланге,2
съвет,2
изправя,2
приоритет,2
ограбена,2
училището,2
единия,2
войнеговци,2
разстрела,2
димитрова,2
откраднат,2
легендата,2
българи,2
властта,2
лични,2
известни,2
привлече,2
предишни,2
търновско,2
пернишко,2
рака,2
новите,2
криминален,2
заседава,2
болезнено,2
свекъра,2
връстници,2
таксиджията,2
срещна,2
темата,2
аванс,2
трафиканти,2
италия,2
разследван,2
видя,2
друг,2
сърбия,2
особена,2
момченце,2
дори,2
първия,2
счупен,2
мотика,2
соколов,2
оплакват,2
надявам,2
бургаски,2
принуждавали,2
продължение,2
испания,2
искане,2
окървавени,2
петрова,2
грешката,2
отказана,2
врата,2
скубане,2
детската,2
мистериозно,2
преглед,2
кажа,2
евстатиев,2
околовръстното,2
оказа,2
сметка,2
миналото,2
черен,2
партии,2
закъснение,2
изнудване,2
рецидивистът,2
бащи,2
кръстовището,2
стоянов,2
изключвам,2
злобни,2
прикрили,2
тези,2
сами,2
глоба,2
подслон,2
високи,2
война,2
трифонов,2
дала,2
ходжа,2
самоубил,2
удавяне,2
получих,2
живеят,2
измамена,2
али,2
надзор,2
воден,2
цветанов,2
самотно,2
дим,2
мобилни,2
дуков,2
мълчанието,2
бременно,2
района,2
загубили,2
гара,2
пускал,2
пелин,2
подал,2
внезапна,2
яна,2
врагът,2
учителката,2
зверски,2
изтезавал,2
психически,2
улиците,2
моето,2
чужбина,2
сърдечна,2
хюлия,2
врязал,2
станат,2
рожден,2
афганистан,2
малките,2
елин,2
такова,2
предстои,2
безплатната,2
дързък,2
показанията,2
пречи,2
дарина,2
парламента,2
човекът,2
боят,2
дискотека,2
плоча,2
болест,2
исперих,2
заплашва,2
кирилова,2
ясмин,2
съседа,2
обръщение,2
разтърсващо,2
различни,2
извадил,2
боян,2
женски,2
отнесе,2
стопанисвала,2
банкя,2
гергана,2
хоспис,2
междусъседски,2
поликлиниката,2
сърница,2
шахта,2
община,2
правен,2
изстрели,2
секцио,2
отбелязват,2
заболявания,2
позиция,2
подготвя,2
рап,2
паднало,2
умря,2
черна,2
сидеров,2
бременните,2
доц,2
крака,2
убийца,2
горите,2
внуче,2
дупнишко,2
пострадалата,2
пусне,2
разпознават,2
тротинетка,2
доведена,2
книжка,2
срп,2
врати,2
интимни,2
позиции,2
поведението,2
обучават,2
законопроект,2
заведени,2
прободни,2
закла,2
дела,2
батак,2
гола,2
медици,2
долна,2
изгубиха,2
също,2
проходи,2
критично,2
мъчителен,2
военна,2
ужасяващи,2
водач,2
обвинената,2
трън,2
криминални,2
плаж,2
чувството,2
неизвестен,2
маринов,2
певецът,2
труд,2
имаха,2
склероза,2
множествена,2
прегазена,2
получиха,2
негован,2
морето,2
съдебно,2
чат,2
изхвърли,2
трупа,2
малкият,2
изписана,2
портмоне,2
интереси,2
избил,2
конфликт,2
успяха,2
задържала,2
извършител,2
багажник,2
станали,2
контрольор,2
очакване,2
неотклонение,2
наргиле,2
скандален,2
ръката,2
бивша,2
ходи,2
пубертета,2
уволни,2
бан,2
психологическа,2
тайни,2
разделени,2
самотните,2
правят,2
нападателят,2
николаев,2
нападнатото,2
демонстрации,2
гняв,2
започват,2
ударила,2
приятелки,2
арестува,2
добри,2
македонската,2
прозореца,2
сдс,2
изгуби,2
партньор,2
незабавна,2
получат,2
филиповци,2
гигов,2
пуснат,2
лютив,2
спрей,2
добре,2
нанесе,2
козметични,2
шарково,2
медовец,2
превръща,2
залята,2
пътят,2
убитият,2
жива,2
прободна,2
певицата,2
попфолк,2
напръскан,2
интимна,2
прегазения,2
съседите,2
йорданов,2
козлодуй,2
замесен,2
криза,2
наказва,2
рашидов,2
търсила,2
травми,2
събира,2
годишни,2
удрян,2
камъни,2
почернена,2
кризисния,2
закриват,2
дъщерите,2
стоянова,2
реакция,2
земята,2
събота,2
съдя,2
душата,2
зоопарка,2
закъсняла,2
нямаше,2
изясняват,2
десислава,2
добричко,2
сливница,2
колоните,2
битите,2
сергей,2
роля,2
кръга,2
недохранените,2
христов,2
тайната,2
смет,2
съученици,2
обсъждат,2
посолството,2
върнат,2
желание,2
близначета,2
еспч,2
представящ,2
андонова,2
дебати,2
дълги,2
изтръгна,2
гръкляна,2
бруталната,2
помогна,2
право,2
набират,2
арести,2
прибрало,2
обявиха,2
емоционалното,2
освободена,2
загуба,2
ограничителна,2
читател,2
възможно,2
трябвало,2
налице,2
библиотека,2
адекватно,2
обект,2
утвърди,2
указание,2
волята,2
предотврати,2
истанбулската,2
кристо,2
конвенция,2
обезобрази,2
неправилно,2
работник,2
сайт,2
мануела,2
кети,2
цацаров,2
крум,2
зарков,2
възмущение,2
мадан,2
алексей,2
изложба,2
мисис,2
синдел,2
национално,2
времето,2
убежище,2
схемата,2
предложение,2
потвърди,2
четирима,2
илиев,2
бизнес,2
баня,2
мотивът,2
плевнелиев,2
държеше,2
ученичките,2
изнасилена,2
цигара,2
бизнесмен,2
моля,2
казаха,2
дълбок,2
версия,2
счупена,2
липсват,2
студ,2
полицейски,2
двор,2
съдийка,2
украинеца,2
едната,2
самоубийство,2
цял,2
престъпник,2
обръснал,2
комисия,2
девет,2
пламена,2
перничанин,2
потърпевша,2
причинил,2
варненският,2
възмездие,2
прът,2
казва,2
глас,2
околчица,2
основата,2
мрежа,2
провесил,2
продаде,2
тийнейджъри,2
паметника,2
болярино,2
дървена,2
мрежи,2
безработна,2
изведе,2
моли,2
карта,2
денков,2
внука,2
карал,2
басейн,2
пореден,2
опитала,2
риташе,2
поредно,2
документи,2
разтърси,2
пловдивското,2
форми,2
подозира,2
варненеца,2
трите,2
разказа,2
пълна,2
неговата,2
кампанията,2
държа,2
москова,2
приятели,2
царево,2
поклонение,2
смъртни,2
зъбите,2
играе,2
бригада,2
механизъм,2
досъдебно,2
вяра,2
убийства,2
тормозена,2
кърджалийско,2
избягаха,2
сметки,2
кабинет,2
мъжки,2
излиза,2
проблеми,2
свидетел,2
настойчиво,2
живеела,2
нехаят,2
създаде,2
франция,2
златните,2
костадин,2
вмро,2
ранен,2
ада,2
прокурора,2
мой,2
прокурорският,2
обединиха,2
съучениците,2
данаилов,2
стефан,2
някои,2
ножове,2
променят,2
подуяне,2
избягали,2
излизат,2
заплашвали,2
загинала,2
полицаят,2
бисер,2
ндк,2
оранжево,2
веднъж,2
хванаха,2
пребитото,2
принуждаване,2
екстремно,2
селфи,2
учител,2
чанта,2
червен,2
поне,2
законопроекта,2
отнета,2
обявено,2
нси,2
изгубени,2
продава,2
мол,2
гражданин,2
спешния,2
магия,2
питат,2
белово,2
рецидивисти,2
струма,2
отдавна,2
челен,2
проверява,2
новозагорското,2
напусне,2
криминална,2
злато,2
намерен,2
илков,2
терзийско,2
къде,2
коледно,2
опитът,2
собственост,2
отстрел,2
популярни,2
заподозрени,2
подозрение,2
спешно,2
съвещание,2
незабавни,2
действия,2
христина,2
мечката,2
никола,2
основна,2
чудо,2
третата,2
колко,2
заплащането,2
кръгово,2
запой,2
факултета,2
пияна,2
заляха,2
ремонт,2
охранител,2
потресени,2
жителите,2
маса,2
наръгал,2
кичур,2
намерил,2
разликата,2
новогодишно,2
нбу,2
подпалена,2
купуване,2
външни,2
фейсбук,2
ситово,2
празници,2
бежанец,2
арестувания,2
обичам,2
паметта,2
честваме,2
великден,2
наранявания,2
неделя,2
убива,2
бояна,2
бастун,2
търпяла,2
освободен,2
анка,2
престъплението,2
измамени,2
заедно,2
форма,2
милион,2
села,2
алино,2
дъбово,2
обезобразил,2
миг,2
отговори,2
рецидивиста,2
вината,2
бургазлиев,2
българските,2
троян,2
образувано,2
митева,2
ужасите,2
заби,2
следствения,2
издаде,2
кое,2
ръка,2
фондация,2
голямата,2
реалност,2
сълзи,2
насилникът,2
осиновена,2
китен,2
издадени,2
силистренско,2
искаше,2
сравнение,2
минути,2
бива,2
близък,2
вина,2
роднини,2
доклада,2
армията,2
тревожна,2
отмъкнал,2
осакатената,2
силно,2
двегодишната,2
рашков,2
нахлуха,2
възможност,2
създава,2
кристин,2
ескалация,2
загинаха,2
дъска,2
добрата,2
панчаревското,2
езеро,2
освободиха,2
калканджиева,2
брой,2
обясни,2
армия,2
подигравка,2
студа,2
води,2
удряше,2
скатов,2
годеницата,2
държано,2
нормално,2
благодарност,2
доказателства,2
потресена,2
висулка,2
ледена,2
нападнат,2
изследва,2
еврото,2
минувачи,2
бит,2
ясно,2
доведената,2
пребила,2
предала,2
награди,2
бито,2
окръжният,2
нападнала,2
склоняване,2
входа,2
посред,2
бял,2
винаги,2
можа,2
прерасна,2
начала,2
герои,2
представял,2
измъчвана,2
завещание,2
последния,2
международният,2
енина,2
насилвал,2
плати,2
дрогирал,2
делата,2
приемната,2
присъдите,2
богато,2
парацетамол,2
тежката,2
финал,2
семейни,2
непознат,2
измами,2
температури,2
пръчка,2
предлагат,2
метри,2
помогнат,2
идеи,2
отиват,2
добрев,2
мариян,2
вързана,2
нападения,2
живеели,2
утре,2
взеха,2
ботулинов,2
бенковски,2
нагла,2
съдбата,2
радостина,2
хълм,2
скрил,2
витро,2
разбрах,2
тротоар,2
засичане,2
глава,2
общество,2
бърза,2
масата,2
насилствена,2
ударил,2
токсин,2
ефективна,2
братът,2
коритото,2
загубих,2
имах,2
дарила,2
топлото,2
момиченца,2
включи,2
глобиха,2
залятите,2
прегазената,2
братята,2
справим,2
загубил,2
довърша,2
младежкия,2
наложиха,2
леглото,2
зрение,2
трявна,2
седмокласник,2
диана,2
фалшиви,2
голи,2
николова,2
образование,2
котките,2
обвинителен,2
внесе,2
намушкала,2
цигари,2
организират,2
изплаща,2
бави,2
заплашвана,2
твърдят,2
гражданство,2
заложник,2
ранените,2
краят,2
забележка,2
стамболийски,2
конференция,2
дряново,2
желев,2
хаити,2
кметицата,2
намушканото,2
заливане,2
всичките,2
блудства,2
пода,2
картоф,2
изнасиленото,2
полза,2
избягало,2
киро,2
пожела,2
спасят,2
ученика,2
нямам,2
изнасилвач,2
засилено,2
експлоатация,2
любчо,2
деменция,2
готова,2
подложена,2
проучване,2
гнева,2
руините,2
справяне,2
кражби,2
подпалиха,2
балчик,2
палежа,2
безплатни,2
общината,2
имотната,2
средно,2
съжалява,2
аспарухово,2
почетоха,2
крадецът,2
посока,2
алекс,2
борят,2
понесе,2
законът,2
сексуална,2
гонка,2
спасен,2
камък,2
таван,2
ход,2
герой,2
интелект,2
фалшиво,2
влетя,2
пълни,2
изгубила,2
полицаите,2
отмъкнали,2
патентоваха,2
цвръцаняк,2
висши,2
трансплантация,2
резултати,2
бюджет,2
обича,2
джипа,2
смели,2
ток,2
защитят,2
забрава,2
настояват,2
палевски,2
одобри,2
пирдоп,2
бул,2
съхраниха,2
тодоров,2
обърна,2
тодор,2
стълб,2
избягаш,2
изкуствен,2
снимката,2
тригодишно,2
двустранна,2
синия,2
изписват,2
ягода,2
вероятният,2
умишлено,2
петко,2
карантината,2
разкрития,2
повдига,2
ограничителната,2
знаела,2
тях,2
стените,2
пробата,2
вещи,2
доклад,2
болногледачка,2
задържано,2
негов,2
мотив,2
чума,1
петя,1
манипулирана,1
барикадата,1
ухан,1
намалели,1
запалил,1
отказват,1
безработните,1
положителна,1
германката,1
изненадана,1
покосила,1
огнища,1
защитени,1
ревнувал,1
лекаря,1
порожанов,1
чийто,1
радойчева,1
умъртвено,1
послание,1
свързва,1
коза,1
променен,1
ярета,1
белодробна,1
извършителите,1
бел,1
номинирани,1
транспортирани,1
сбиха,1
реагираме,1
чуем,1
измамница,1
изкушила,1
новогодишното,1
спартан,1
животозастрашаващи,1
палеж,1
равда,1
аквапарк,1
взривилия,1
предприемачество,1
цвети,1
анелия,1
чувстват,1
осемгодишната,1
сблъсъка,1
александрово,1
варненски,1
травмите,1
афганистанци,1
инга,1
вакльов,1
намалена,1
извеждане,1
етрополе,1
дикова,1
божков,1
лесово,1
международна,1
краище,1
предаваме,1
поправи,1
посолство,1
румънското,1
система,1
малтретирал,1
отвличал,1
властите,1
застрашена,1
цяла,1
променили,1
търсиха,1
монов,1
напрежението,1
българки,1
губи,1
клетки,1
кредит,1
пенсионер,1
куриер,1
ранената,1
откраднали,1
печеливш,1
министри,1
малолетни,1
монреал,1
общинар,1
женствеността,1
триумфа,1
системни,1
стволови,1
френски,1
разкритие,1
жандармерия,1
закара,1
въвежда,1
дрогирано,1
къси,1
адаптацията,1
въпроса,1
умъртвил,1
общодържавно,1
рецидивистите,1
откази,1
сурови,1
малтретирано,1
подарък,1
болногледачи,1
ясни,1
пронизителната,1
задържат,1
разкази,1
българчета,1
прострелването,1
предполагаемият,1
арсеналът,1
нападнатия,1
физическо,1
нахлу,1
помело,1
пушката,1
влоши,1
непознатите,1
арда,1
капан,1
андрей,1
попаднало,1
огнеборци,1
нежелана,1
безплатна,1
тишина,1
лежа,1
хасковско,1
кислород,1
неподвижна,1
мин,1
неизвестни,1
трогателната,1
папата,1
подадените,1
продадох,1
отглеждат,1
сигурен,1
свекър,1
нина,1
нападнатата,1
смъртен,1
диша,1
похарчили,1
принц,1
набирала,1
свободен,1
милано,1
кръвнина,1
пререкание,1
андрю,1
поръчал,1
енчев,1
дошли,1
обиждано,1
етажите,1
гражданки,1
средец,1
паркомясто,1
включват,1
продал,1
осиротелия,1
прибирал,1
златарица,1
сграбчи,1
пазило,1
националния,1
укривал,1
разплакала,1
тридневен,1
гардероба,1
нахално,1
социалното,1
загинало,1
банкомат,1
пращат,1
мирно,1
виним,1
виня,1
задържането,1
сотир,1
университет,1
паркирани,1
kуцева,1
изпрати,1
медиците,1
умишлен,1
сбогува,1
исул,1
опасен,1
гаврилово,1
модни,1
тита,1
излекували,1
спомнял,1
чувства,1
припаднало,1
взел,1
настроение,1
харесва,1
психологическите,1
изоставил,1
заподозряха,1
кръстева,1
валиумния,1
издирваният,1
завършил,1
ударено,1
бензиностанция,1
учи,1
трюфели,1
ценната,1
престижния,1
беглецът,1
борис,1
избягалия,1
важните,1
похитена,1
наказан,1
виновникът,1
самоличност,1
марчева,1
открадната,1
ванга,1
любенова,1
колеж,1
намерените,1
курсант,1
останки,1
гъба,1
празнуват,1
французин,1
солидарност,1
проверки,1
качиха,1
създават,1
лазарова,1
обуха,1
транспорта,1
медарова,1
моделът,1
скобелево,1
слокощица,1
залитнала,1
развратни,1
внезапно,1
където,1
теньо,1
мечтаеш,1
норвегия,1
напуснахме,1
запалка,1
внася,1
изнасяла,1
присъства,1
френска,1
българо,1
обиколи,1
превърнаха,1
нападки,1
кардам,1
проблемите,1
кюстендилското,1
разказал,1
бети,1
розета,1
помогнал,1
възпитателят,1
рибари,1
черноземен,1
марихуана,1
съпричинителите,1
трансплантации,1
марина,1
разведе,1
младен,1
самонастанила,1
стотинки,1
намеса,1
педагогически,1
носи,1
серия,1
църкви,1
откраднати,1
мълчаливо,1
репродуктивни,1
притеснени,1
мими,1
гаранцията,1
митьо,1
строгите,1
допусна,1
разградски,1
относно,1
екстрадиция,1
красивото,1
агресивния,1
украинец,1
дарение,1
румен,1
обещано,1
принудиха,1
съседски,1
цекова,1
дарения,1
пребило,1
спецпрокуратурата,1
крещял,1
законодателни,1
понеделник,1
заколя,1
кремена,1
абсолютно,1
адекватна,1
мексико,1
вик,1
злоупотребява,1
предградие,1
мафия,1
ограничители,1
изнасилвания,1
рязал,1
графа,1
пратиха,1
синя,1
гербери,1
евростат,1
кубрат,1
ввс,1
багаж,1
събран,1
назначавал,1
внасят,1
останала,1
кпконпи,1
половинката,1
поднесоха,1
нпк,1
проведено,1
наталия,1
тежък,1
модерно,1
гуркова,1
музикална,1
бургаският,1
героя,1
брястово,1
погребат,1
гневни,1
персонала,1
награда,1
инжекция,1
нападнало,1
отмъкнаха,1
варненецът,1
извършени,1
растат,1
битова,1
самоизолацията,1
познати,1
спешни,1
цветков,1
омбудсманът,1
съдебна,1
издирваните,1
самолечение,1
разголени,1
капитан,1
слушайте,1
агресор,1
консултации,1
обвинителни,1
павлов,1
актове,1
просия,1
андреево,1
сключване,1
мащабно,1
дистанционни,1
шишков,1
денонощна,1
преследваше,1
неспазване,1
наказани,1
събаряне,1
иванчева,1
отваря,1
продължиш,1
задължителната,1
маравиля,1
издърпано,1
ясла,1
нарушаване,1
готина,1
сгради,1
напред,1
лилия,1
студена,1
мъката,1
берлин,1
пациентка,1
предава,1
болка,1
откровена,1
ухо,1
незаконните,1
поли,1
бухалка,1
генова,1
заснеха,1
подложен,1
произнася,1
чиято,1
орландовци,1
лъчезар,1
драгоман,1
русенски,1
поле,1
сливо,1
екипът,1
тийнейджъра,1
обгазяване,1
голямото,1
калашниците,1
бунт,1
кръвозагуба,1
казвал,1
златното,1
списания,1
адриана,1
незаконно,1
чин,1
намалява,1
геново,1
светва,1
катрин,1
мерките,1
тасева,1
гаврил,1
прояви,1
замяна,1
застреляната,1
дрога,1
златния,1
стоименова,1
площад,1
досие,1
малтретирала,1
тригодишната,1
арестуваните,1
удряла,1
специални,1
добра,1
цветелина,1
обяснението,1
стига,1
навременни,1
блокира,1
потребности,1
изненада,1
игнатиево,1
адекватни,1
аксаково,1
сметище,1
медал,1
спестяванията,1
замесена,1
поста,1
младежкото,1
станеш,1
модел,1
лидера,1
разделила,1
тръгна,1
напусна,1
наредба,1
дпс,1
джаферович,1
мотопоход,1
мога,1
оженили,1
мълча,1
приятно,1
прободен,1
виновни,1
изпратиха,1
пълно,1
преборило,1
единодушие,1
гласува,1
колата,1
член,1
гласуват,1
анорексията,1
наш,1
болни,1
сунгурларе,1
обсъдят,1
пробождане,1
днешните,1
течност,1
четири,1
полята,1
криминалисти,1
сезал,1
подобрява,1
черква,1
нивянин,1
залее,1
правозащитници,1
изработиха,1
осуетиха,1
кои,1
подложени,1
затворът,1
работно,1
получава,1
надзирател,1
проба,1
заключил,1
измръзване,1
организиран,1
отрицателна,1
нападат,1
разглеждат,1
приеме,1
секс,1
хероин,1
прокурорка,1
ихтиманска,1
надраскани,1
екопътека,1
искър,1
хванати,1
расте,1
увеличи,1
приключило,1
вазовата,1
четвъртото,1
тела,1
жилища,1
наказанията,1
обезобразят,1
поръча,1
правната,1
похищение,1
поправките,1
вилица,1
детското,1
победихме,1
консулът,1
изрисува,1
конвенцията,1
сухата,1
завързано,1
чух,1
починаха,1
зетя,1
отцеубийството,1
купона,1
нападнатите,1
деяние,1
оживена,1
снощи,1
равносметката,1
чикаго,1
бях,1
юлияна,1
притеснявал,1
усложнения,1
затиснато,1
палежи,1
дрогиран,1
кражба,1
българчетата,1
ути,1
струмяни,1
задигна,1
кризисни,1
недостатъчно,1
пътен,1
ражда,1
рилски,1
инспекторатът,1
щерева,1
униформа,1
маркуч,1
равни,1
майчинство,1
осиновяване,1
желю,1
ръкопляскания,1
излизане,1
тършуване,1
необслужван,1
фелдшер,1
потърсил,1
бандити,1
кара,1
насрещното,1
стрелец,1
уцелил,1
отказ,1
помощта,1
първолак,1
отглеждан,1
оплакаха,1
септември,1
полковник,1
хвърлила,1
церебрална,1
парализа,1
неца,1
подадат,1
служба,1
жигосаното,1
защитим,1
джудо,1
пее,1
тройна,1
психиатрична,1
изправена,1
отишли,1
нека,1
моят,1
бъдещите,1
забулените,1
подкрепят,1
странджа,1
изгонили,1
сава,1
обуват,1
тетевенско,1
атрактивно,1
криминализиращ,1
отвъд,1
обещава,1
отказва,1
англия,1
солун,1
горяха,1
шокиращо,1
девойка,1
приели,1
шампион,1
уличните,1
ползва,1
запор,1
заслужава,1
германка,1
сирийски,1
представила,1
девойки,1
сключват,1
набеден,1
имотни,1
претенции,1
малтретирана,1
гладна,1
стачка,1
всяко,1
трето,1
страда,1
строи,1
манастир,1
обесена,1
излъга,1
мисли,1
регистрирала,1
румънци,1
гугушева,1
теглила,1
заеми,1
купи,1
повторил,1
проститутка,1
изрази,1
октай,1
наследена,1
дефилира,1
убедена,1
прикрива,1
факти,1
общински,1
глобяват,1
аборти,1
брендо,1
върнала,1
бачево,1
подиграват,1
същи,1
фалшифицирал,1
подписите,1
документ,1
подписали,1
натровила,1
баничка,1
опечалена,1
откраднал,1
халката,1
ексдепутатът,1
облагодетелствал,1
фирми,1
арестант,1
западен,1
дими,1
минала,1
бергендорф,1
жана,1
непредпазливост,1
областният,1
опроверга,1
музей,1
луканов,1
вземат,1
ниски,1
пенсии,1
семейната,1
следващият,1
спомени,1
роман,1
празниците,1
рязко,1
повишават,1
подкупят,1
горски,1
санитарка,1
пазарджишката,1
мъглиж,1
обещах,1
бареков,1
запазя,1
честта,1
разкриване,1
консултативни,1
изпочупиха,1
улични,1
лампи,1
управител,1
риболов,1
посегнал,1
незаконен,1
софронка,1
кабелите,1
осветлението,1
парка,1
берковица,1
добрена,1
драготинци,1
несломимият,1
дух,1
похвали,1
прикована,1
пъков,1
софиянец,1
непълнолетна,1
бивши,1
оцеляло,1
върбица,1
лошото,1
можеш,1
помогнеш,1
любимия,1
белоградец,1
клонинги,1
модели,1
общини,1
бхк,1
нулева,1
движение,1
бъгито,1
плаща,1
нося,1
убит,1
съмнява,1
буря,1
дупка,1
покрива,1
съветва,1
прибира,1
платили,1
данъци,1
посети,1
адреса,1
беловец,1
потопа,1
пета,1
приковано,1
пловдивска,1
контактната,1
тролеите,1
вдигна,1
рибарския,1
полетя,1
откъртил,1
панел,1
останах,1
джебел,1
крещи,1
самота,1
командоса,1
вила,1
лош,1
самозапали,1
бурка,1
бога,1
овъглено,1
вряла,1
председателя,1
бчк,1
отряза,1
потулено,1
комунизма,1
майки,1
остаряло,1
законодателство,1
президентството,1
спецчасти,1
лидия,1
посегнала,1
горни,1
дойде,1
гавра,1
минувач,1
ана,1
мудност,1
опитало,1
лотария,1
бъдеща,1
пенсионерка,1
чез,1
разходи,1
даниел,1
опитали,1
фалшива,1
лична,1
крокодилите,1
синовете,1
замесени,1
магистрални,1
грабежи,1
издържа,1
упражнява,1
икономическото,1
химикал,1
изоставеното,1
неволно,1
смолянската,1
уволнявали,1
забременеят,1
уволняват,1
решили,1
раждат,1
разчиства,1
тонове,1
боклуци,1
северния,1
котоошу,1
доведе,1
гласове,1
стабилизира,1
изтеглят,1
желева,1
гъби,1
ротарианците,1
забрадки,1
бетоновозът,1
туристка,1
свети,1
влас,1
промила,1
алколхол,1
обвиняват,1
ямболската,1
спецакция,1
ограбват,1
изнудват,1
кандидатствали,1
митрополия,1
орлинов,1
вма,1
евтимова,1
прочетена,1
петък,1
пипнаха,1
проституирала,1
бойко,1
кръгла,1
найденов,1
пампорово,1
осиновила,1
сирачета,1
натровили,1
тераса,1
повикване,1
женим,1
вегас,1
митаров,1
близостта,1
затрупаното,1
бомба,1
сестрите,1
белнейски,1
поверяват,1
стреляха,1
весела,1
лечева,1
несподелена,1
извършване,1
рали,1
пенков,1
пловдивският,1
апелативен,1
намали,1
матева,1
дръндарова,1
убили,1
деветокласнички,1
пърлили,1
повдигнато,1
съученичката,1
маргарита,1
гергененова,1
лас,1
наруга,1
глушник,1
фоторепортер,1
адвокатите,1
справедлив,1
процес,1
сгс,1
тасков,1
разгледа,1
сираци,1
пукната,1
пререкания,1
възпитател,1
крайна,1
осми,1
празник,1
подпомагат,1
беда,1
михаела,1
готвят,1
рухна,1
илия,1
нападнали,1
яла,1
социална,1
злоупотребяват,1
настанени,1
защитено,1
пушат,1
стоичков,1
снимат,1
забрана,1
любовника,1
началници,1
паднали,1
жици,1
милка,1
дочева,1
лъчезарна,1
хладнокръвен,1
изкоп,1
раздават,1
аларми,1
прешлен,1
лигава,1
бабичка,1
шизофреник,1
откъртена,1
фасадна,1
високите,1
причиниха,1
чиновническа,1
лиши,1
хвърчащият,1
лист,1
хартия,1
оглави,1
земеделие,1
брадви,1
поспориха,1
роми,1
висок,1
двойно,1
клиент,1
мистериозна,1
управляващите,1
безнадежден,1
ватман,1
обезвредила,1
бандит,1
разпознаха,1
живя,1
рпу,1
седмица,1
управление,1
наряза,1
знамето,1
прокурори,1
бремен,1
банда,1
причинен,1
държаха,1
вързани,1
завърши,1
умствено,1
изостанало,1
недохранване,1
експолицай,1
съден,1
чората,1
участва,1
мариана,1
суходолска,1
потресе,1
хранеше,1
пребити,1
гълъбин,1
боевски,1
свиждането,1
бразилия,1
блудстваха,1
християна,1
вангелова,1
бончев,1
фондацията,1
откупа,1
антоново,1
племенника,1
кофа,1
размаза,1
спипаха,1
руски,1
паметник,1
дръзко,1
абортирало,1
джуни,1
чувствал,1
пренебрегнат,1
диета,1
фатален,1
общо,1
трафопост,1
мястото,1
казусът,1
директно,1
карбовски,1
техниката,1
роднина,1
кнсб,1
изравняването,1
пенсионната,1
изпреварване,1
погубиха,1
загинали,1
драгичево,1
доверчив,1
идеалист,1
рисуват,1
тир,1
плащат,1
седми,1
застраховка,1
изслушва,1
извиненията,1
петорна,1
заека,1
отсъди,1
извършители,1
раздялата,1
капка,1
стипендии,1
юнеско,1
учени,1
караньотова,1
карина,1
журналистът,1
удушила,1
континенти,1
цялото,1
толерира,1
селските,1
бабаити,1
прегърнеш,1
събра,1
спасила,1
косово,1
присъединили,1
екстремистки,1
сирия,1
ирак,1
кристиян,1
затова,1
тормозът,1
пребития,1
познавала,1
междусъседска,1
вражда,1
испанските,1
власти,1
бирали,1
мюмюн,1
гледаха,1
кмета,1
семчиново,1
смили,1
борисовата,1
мюфтия,1
механджийска,1
кратко,1
реже,1
следствие,1
бездейства,1
свада,1
публично,1
софийския,1
силният,1
извършвал,1
серийни,1
обири,1
върза,1
кабел,1
градината,1
дългогодишни,1
футболен,1
тайна,1
сряда,1
обличат,1
бяло,1
гръм,1
добринище,1
месечният,1
изоставен,1
тип,1
нотариус,1
веселина,1
главния,1
забрадка,1
уволнение,1
габи,1
абитуриент,1
познат,1
свински,1
опашки,1
влизам,1
взриви,1
политиците,1
известната,1
преводачка,1
валери,1
ваксините,1
препоръчителни,1
оплакало,1
ходиха,1
зашлеви,1
догониха,1
заблуда,1
половете,1
равнопоставени,1
основната,1
бахар,1
салим,1
греда,1
убийцата,1
иванка,1
похитил,1
първомайското,1
ритната,1
страхувам,1
бъкстон,1
динко,1
нарочно,1
унищожа,1
безпричинно,1
оживено,1
хиподрума,1
златно,1
синджирче,1
световно,1
състезание,1
изгони,1
сбъдна,1
мечтата,1
внучета,1
голямо,1
враново,1
медицинска,1
педиатрично,1
решават,1
отидат,1
гей,1
домакиня,1
разменят,1
смени,1
намерят,1
върховръх,1
емма,1
насилствено,1
сръбската,1
адвокати,1
делон,1
недопустимо,1
изгубената,1
алцхаймер,1
подчинена,1
категорично,1
сочи,1
сондаж,1
общ,1
характер,1
упражнявано,1
държани,1
йончева,1
пресичане,1
изхода,1
постъпват,1
редиците,1
горсов,1
петър,1
заканвал,1
кюхова,1
връзката,1
боби,1
търсил,1
каракачанов,1
общности,1
непалци,1
някъде,1
непотвърдено,1
хризантема,1
кротък,1
ален,1
бездомник,1
обиждаше,1
безопасността,1
училищата,1
панорама,1
северозабравените,1
десет,1
меричлери,1
разочарован,1
рекетираше,1
завързана,1
дял,1
версията,1
поверени,1
кръвоизливи,1
изиска,1
търнава,1
неизяснено,1
писа,1
борован,1
неща,1
осинови,1
питбула,1
мокрище,1
показахме,1
толерираме,1
очаквайте,1
референдумът,1
кръводаряване,1
изтича,1
часовата,1
столичната,1
обвинителния,1
гробище,1
набиха,1
градския,1
транспорт,1
вегани,1
обръснаха,1
норките,1
паничарево,1
учителите,1
трап,1
местният,1
лунгара,1
изкопали,1
инсценирали,1
имота,1
болните,1
теофана,1
президентска,1
показно,1
цветомир,1
нереална,1
мирей,1
дарк,1
звезда,1
френското,1
кино,1
виола,1
подсъдимият,1
щастливи,1
писмото,1
оставила,1
принудена,1
отвлечената,1
минна,1
легнал,1
пътна,1
героите,1
радо,1
нищото,1
механотехникума,1
вътре,1
подкрепям,1
баретите,1
педофил,1
непълнолетните,1
настаняване,1
подписка,1
българската,1
бутнали,1
бпц,1
йоан,1
матев,1
миролюба,1
бенатова,1
гевара,1
развод,1
масаж,1
евтаназия,1
умряха,1
преподавател,1
връхлетя,1
нахвърли,1
йорданка,1
сапунджиева,1
събудил,1
юлиан,1
вучков,1
натъпкал,1
коледното,1
стъпка,1
пропаднаха,1
екипи,1
обвинявам,1
шефове,1
соло,1
действията,1
ченалова,1
политика,1
критики,1
кутиите,1
локум,1
изнасилени,1
добричкото,1
ембака,1
негово,1
любовна,1
сгрешена,1
севлиево,1
организирано,1
монстанско,1
страхил,1
дискриминацията,1
навечерието,1
насили,1
проговаря,1
гечев,1
наказанието,1
припаднала,1
булка,1
съгласи,1
екстрадиран,1
възползвал,1
бездомна,1
mъж,1
ясен,1
съобщенията,1
битови,1
честитки,1
обмисля,1
кандидатури,1
поведе,1
ужасен,1
подозрения,1
разкритията,1
вадил,1
антов,1
смята,1
заплашван,1
повторно,1
похитителя,1
косъм,1
градът,1
лицемерно,1
малкия,1
контактен,1
поетеса,1
годишия,1
обстоятелствата,1
смъртно,1
отне,1
игрички,1
ваксина,1
здравков,1
превоз,1
двойка,1
пребори,1
ромите,1
насиленото,1
пуска,1
тениски,1
неговия,1
лик,1
срещан,1
ексклузивна,1
бербатов,1
комбина,1
дина,1
приемно,1
трудно,1
дилов,1
канабис,1
отърва,1
увил,1
тормозено,1
скандала,1
волен,1
чуколов,1
завлечена,1
девинска,1
февруари,1
тениска,1
бала,1
преобърна,1
преходна,1
картинг,1
гумите,1
божия,1
шал,1
махне,1
максималната,1
симитли,1
мина,1
огъня,1
лозен,1
планина,1
възпитава,1
наградиха,1
гранични,1
спасили,1
звезди,1
тормозещ,1
последно,1
президента,1
побойничка,1
нападнах,1
годишните,1
унижавали,1
клипа,1
подготовката,1
церемонията,1
канонизация,1
ахматово,1
разчленил,1
костадинка,1
проси,1
побойник,1
бих,1
кметица,1
използвало,1
вип,1
зоната,1
пациент,1
лекарка,1
напълно,1
легални,1
държава,1
плажа,1
протестират,1
нинова,1
ултиматум,1
педагози,1
вързаха,1
маскиран,1
крадци,1
идвали,1
терапевт,1
еци,1
юмейхо,1
страдат,1
левуново,1
рангелов,1
годеникът,1
лошите,1
парламент,1
невена,1
василева,1
орлица,1
горил,1
михов,1
превърне,1
ежедневие,1
будна,1
светна,1
нешка,1
робева,1
пише,1
шестмесечна,1
непознати,1
ограбят,1
саморазправи,1
гаджето,1
болното,1
детe,1
останаха,1
пропуски,1
бойлер,1
правда,1
изневяра,1
куртев,1
рени,1
започнахме,1
предаването,1
лазаровден,1
лазаруват,1
александра,1
нейно,1
прегледи,1
изнесоха,1
барикадирания,1
разговорите,1
заработи,1
поръчала,1
окласничка,1
умствена,1
изостаналост,1
качулка,1
джигити,1
преследват,1
цариградско,1
шосе,1
ръжево,1
досиета,1
духовна,1
другата,1
законна,1
абитуриенти,1
десетокласник,1
търся,1
справедливостта,1
паднаха,1
марица,1
неясна,1
оказва,1
събират,1
протеза,1
лявата,1
ръчичка,1
предложи,1
недка,1
хайредин,1
внуци,1
правнуци,1
асенова,1
крепост,1
спречкване,1
четвъртокласничка,1
габровско,1
комитет,1
оон,1
изваден,1
чочо,1
скравена,1
познавал,1
експерти,1
хорото,1
ръководни,1
съобщи,1
софийската,1
повдигнала,1
затвориха,1
многократни,1
инвитро,1
процедури,1
силни,1
прехвърлено,1
гледачката,1
левове,1
обаждане,1
следващата,1
знаели,1
ваксини,1
осигурени,1
кухненски,1
обеците,1
битата,1
враждата,1
осигури,1
защитена,1
сериен,1
появи,1
превежда,1
включително,1
разпоредителното,1
осма,1
база,1
прекалено,1
възпитана,1
мангъров,1
ваксинират,1
годишнина,1
полицейския,1
показват,1
нанесената,1
нареди,1
исканията,1
неприемливо,1
книгата,1
безупречен,1
разкрива,1
съседката,1
целил,1
гарги,1
окото,1
гери,1
докосна,1
предшествана,1
контузени,1
заместват,1
футболния,1
терен,1
тишината,1
унижавано,1
незаконния,1
захвърлил,1
съхранили,1
минков,1
ние,1
биологичен,1
материал,1
калин,1
провери,1
прибрали,1
водя,1
борислава,1
носене,1
отговорност,1
скандалния,1
родово,1
проклятие,1
признаят,1
блокирана,1
излизала,1
спешната,1
самоличности,1
излежал,1
ръководството,1
фрапиращи,1
ромската,1
общност,1
надеждата,1
подала,1
отбелязваме,1
лято,1
оправдана,1
дрифт,1
книжката,1
амая,1
обедини,1
принуждавал,1
призоваха,1
ускори,1
прилагането,1
националният,1
маджаров,1
оставено,1
наблюдение,1
непълнолетната,1
цветкова,1
унивай,1
пиша,1
ръцете,1
тунджа,1
нслс,1
сътрудничи,1
сложа,1
разкрито,1
повторен,1
неплатена,1
началника,1
славова,1
ясновидска,1
принуди,1
летва,1
иса,1
заловен,1
въпрос,1
първомай,1
наруши,1
държат,1
историите,1
въжетата,1
йотова,1
парасейлинг,1
инструктор,1
обядва,1
покойната,1
гонката,1
изгаряния,1
отказала,1
психологът,1
пламен,1
спирачката,1
генезиса,1
финансира,1
социални,1
психологически,1
програми,1
избери,1
ивайловград,1
основаха,1
стихия,1
успях,1
войни,1
раниха,1
окръжна,1
погребали,1
гроба,1
обществото,1
непълнолетният,1
крещят,1
лицата,1
освобождаването,1
познавате,1
законодателството,1
правораздаването,1
закрити,1
вероятната,1
рамките,1
открадне,1
излязъл,1
вихрен,1
молба,1
отзовал,1
къщи,1
живеещи,1
огнената,1
чомарова,1
ограничителните,1
завежда,1
грозят,1
концертите,1
стиковат,1
огнестрелна,1
челюстта,1
мечета,1
добрият,1
скритите,1
осуети,1
лесна,1
пишете,1
разпространяват,1
врачка,1
тяхно,1
знание,1
връзвана,1
изгубено,1
пометена,1
деветия,1
обвинението,1
преквалифицират,1
белязаните,1
балканите,1
техните,1
татуировки,1
гадателки,1
отлага,1
веселин,1
афганистанец,1
породата,1
произведе,1
обжалва,1
решението,1
тинето,1
сват,1
алек,1
момент,1
веднага,1
прекарам,1
започнa,1
същество,1
човешката,1
бъди,1
безотговорност,1
отпуска,1
лутали,1
гора,1
трънско,1
окаже,1
прекара,1
седмия,1
осмия,1
чешки,1
мотоциклетист,1
хуманитарната,1
обезобразено,1
омерзително,1
свиленградско,1
престъпността,1
оказаха,1
туристи,1
познавали,1
бандата,1
механизма,1
свалят,1
охраната,1
простреляния,1
белгия,1
бюлетин,1
нанесена,1
разработват,1
първенец,1
пазарджишко,1
душене,1
слушалки,1
маратонки,1
обира,1
направиха,1
техен,1
ивелина,1
драгнева,1
наистина,1
страхува,1
чували,1
погребе,1
районна,1
обвиняеми,1
уволнените,1
директори,1
челюст,1
лондон,1
наблизо,1
щяхме,1
гробищата,1
кърджалийската,1
смъртоносни,1
бонева,1
медиите,1
гласност,1
потенциално,1
прокурорът,1
постоянство,1
революции,1
писали,1
неправомерно,1
целувал,1
обич,1
приписа,1
апартаментите,1
предявяват,1
желязков,1
закъснях,1
последиците,1
прегърна,1
християните,1
почитат,1
дупчене,1
отвертка,1
обвързана,1
принуда,1
константин,1
суботинов,1
разчлененото,1
съобщения,1
иречеково,1
нургюл,1
салимова,1
второ,1
световната,1
купа,1
шахмат,1
изпращал,1
личен,1
асистент,1
условията,1
местен,1
потвърдено,1
петьо,1
аферата,1
осемте,1
джуджета,1
бижута,1
дейността,1
централизира,1
големи,1
участвала,1
непълнолетното,1
батут,1
подстрига,1
намушкан,1
видеото,1
кючек,1
толерирам,1
закани,1
лиценз,1
покрито,1
бедствието,1
сектор,1
нейната,1
цена,1
грижа,1
скърби,1
пишели,1
набира,1
пишат,1
кабаджов,1
микаела,1
непрестанен,1
среднощен,1
дългове,1
координационен,1
чета,1
укри,1
белезите,1
вещите,1
гълъбово,1
рязана,1
провесвана,1
заповядва,1
спрем,1
факелно,1
аутизъм,1
бизнесдама,1
водача,1
този,1
внесен,1
вписва,1
тояга,1
намира,1
рсм,1
скъпа,1
покупка,1
разбереш,1
договор,1
козметика,1
гной,1
кръв,1
белия,1
споменът,1
самоделна,1
изготвя,1
петрич,1
нелепи,1
обяснения,1
череп,1
влюбен,1
железни,1
колове,1
одитният,1
лъжи,1
манипулации,1
безсмъртие,1
неразказани,1
отнет,1
пребивали,1
шизофрения,1
стоял,1
опасява,1
манипулиране,1
административна,1
кремация,1
кремират,1
мелодията,1
бог,1
камбаните,1
храм,1
невски,1
дроб,1
блъскаше,1
заровена,1
прасе,1
изложение,1
обучителни,1
модули,1
дискусионни,1
панели,1
акцентите,1
чула,1
предприемач,1
жив,1
далака,1
авторката,1
феята,1
захарницата,1
настъпи,1
обявения,1
волейболистка,1
освен,1
стефка,1
великова,1
всичко,1
локорско,1
господ,1
прости,1
брака,1
стоят,1
имат,1
мечтае,1
топола,1
счупил,1
гасял,1
връзвал,1
вериги,1
правеше,1
значителен,1
шествия,1
мравката,1
разполага,1
медицинското,1
настанено,1
доближава,1
ребро,1
помня,1
допускан,1
световния,1
брейк,1
люляково,1
леля,1
гърба,1
изнасилваната,1
заплашваше,1
клипове,1
изнасилвана,1
издирван,1
спася,1
пазар,1
подставено,1
обещавал,1
недоволството,1
чаша,1
заловена,1
охранителя,1
разбила,1
извини,1
името,1
пострадалият,1
каже,1
удариха,1
буквално,1
отрязан,1
отрязал,1
симеоновградско,1
шията,1
безжизнено,1
примка,1
празненство,1
жестока,1
върни,1
пулса,1
мисия,1
автоматични,1
дефибрилатори,1
коледните,1
заведе,1
кюркчиев,1
удушено,1
жечко,1
пие,1
детството,1
fyre,1
седнала,1
стол,1
поставени,1
затворена,1
стои,1
мърда,1
каспичан,1
пратя,1
направя,1
нещо,1
възпитаваме,1
ръководство,1
полезни,1
керка,1
прощалното,1
написа,1
любимата,1
април,1
телиш,1
дойдат,1
севдалин,1
призовавам,1
мрачната,1
светлите,1
ресторант,1
регистрираното,1
обещаните,1
отводнителен,1
код,1
синьо,1
актьори,1
пропадна,1
гъста,1
мъгла,1
ураганен,1
вятър,1
триколка,1
осветена,1
алеята,1
свиква,1
разпореди,1
обществени,1
места,1
хапал,1
прави,1
скандали,1
курсовете,1
непоносимо,1
зачестилите,1
неприлични,1
увеличение,1
повярвали,1
атанас,1
братаница,1
неочакван,1
мироносици,1
тервелско,1
газ,1
газовата,1
опасна,1
склонявал,1
калашника,1
прилага,1
досъдебни,1
производства,1
образувани,1
пешо,1
работил,1
колега,1
карало,1
заплашиха,1
чси,1
седем,1
увреждания,1
поредна,1
камарата,1
беззащитна,1
могили,1
янка,1
пострадалия,1
приключи,1
направила,1
коне,1
биологичната,1
театъра,1
директора,1
обезобразяване,1
сформира,1
актьор,1
противодействие,1
бягаше,1
предозиране,1
докара,1
предизвикателство,1
tiktok,1
изглеждаше,1
тезата,1
заканите,1
любовната,1
игра,1
позната,1
дървен,1
кол,1
отказало,1
юмер,1
сводничество,1
убивали,1
измъчвали,1
амбицията,1
борово,1
окована,1
предприеха,1
пеева,1
разговор,1
българския,1
шоубизнес,1
поздрав,1
измамила,1
омагьосан,1
ритуал,1
восък,1
яйца,1
ритана,1
зъби,1
изпило,1
таблетки,1
избити,1
мургаш,1
навършват,1
метеоролози,1
местят,1
колиба,1
заключена,1
петте,1
дай,1
пребием,1
тормозен,1
предприемат,1
хелоуин,1
гримирала,1
направих,1
готовност,1
хамас,1
освобождава,1
приключа,1
режа,1
вдъхнови,1
създаването,1
ранните,1
партньорки,1
помощник,1
капитана,1
предишните,1
стъпи,1
агресивно,1
смея,1
зарадвам,1
смачкам,1
хвалеше,1
стефани,1
иванова,1
заведа,1
клевета,1
участничка,1
hell,1
kitchen,1
bulgaria,1
пощите,1
заболяване,1
костите,1
установява,1
психиатрия,1
вилняла,1
вероятен,1
градският,1
информация,1
унижаваха,1
южния,1
колене,1
наръгана,1
вакарел,1
подавали,1
психическото,1
телк,1
можех,1
разпространи,1
направени,1
тунела,1
нужното,1
поставят,1
филъри,1
спорът,1
идвам,1
тесла,1
казус,1
зет,1
припадък,1
батко,1
защитници,1
успяват,1
псс,1
рисковете,1
изкълчен,1
глезен,1
откарана,1
ардино,1
възкръсна,1
задълженията,1
топлофикация,1
брутален,1
вътрешният,1
шефа,1
тормозела,1
дължите,1
захариев,1
продължителен,1
аутопсията,1
хотелска,1
чех,1
профилът,1
обеца,1
съучастника,1
бруталният,1
златна,1
бавно,1
стар,1
стойчева,1
книгите,1
подчинение,1
сериозно,1
изнасилили,1
чакаща,1
светофар,1
владимир,1
вазов,1
самоковско,1
адриан,1
обезобразен,1
благотворителен,1
базар,1
произхода,1
рухнала,1
тухлена,1
стена,1
камено,1
маневра,1
заден,1
библията,1
четем,1
запознайте,1
ценка,1
столетницата,1
ломско,1
счупено,1
огледало,1
наследниците,1
илийца,1
наказана,1
домашният,1
призовкар,1
застанаха,1
назначиха,1
съдебнопсихиатрична,1
занимаваше,1
незаконна,1
дейност,1
нарязано,1
издаваните,1
мокреш,1
саня,1
армутлиева,1
противоречиви,1
шикова,1
бизюрев,1
следствен,1
прогресиращ,1
въвеждат,1
стандарти,1
специализираните,1
услуги,1
дядото,1
показания,1
триъгълник,1
любовен,1
помел,1
къкрина,1
родословното,1
причиняване,1
юли,1
повдигат,1
назначени,1
експертизи,1
разпоредена,1
сътрудник,1
часов,1
присъдиха,1
кухнята,1
вратата,1
непълнолетния,1
кирка,1
заповяда,1
строг,1
контрол,1
защитили,1
разследванията,1
корупция,1
гостувала,1
призовава,1
славейков,1
граждани,1
засили,1
никаква,1
рокади,1
изнудвали,1
нагло,1
разговаряла,1
разследващите,1
физическото,1
връзване,1
подаде,1
глад,1
настанена,1
чантата,1
моряци,1
галакси,1
лийдър,1
зонта,1
зове,1
камбанен,1
звън,1
събитие,1
домът,1
ужасяваща,1
бензин,1
ивет,1
стайкова,1
умира,1
отвод,1
падат,1
държала,1
кремовете,1
казвах,1
поискали,1
долари,1
пускат,1
кнежа,1
защитата,1
въоръжени,1
бедност,1
изключителна,1
укриването,1
призив,1
измененията,1
допълненията,1
кухненска,1
войната,1
пандемия,1
разпознае,1
празнува,1
служби,1
затварят,1
рекорден,1
хладилник,1
неизправен,1
отскоро,1
замерил,1
чиния,1
обезобразени,1
възрастните,1
персоналът,1
смятам,1
възпитали,1
порезни,1
срязано,1
сухожилие,1
фрактура,1
препарати,1
ваксинирала,1
тревожно,1
нараснали,1
спасената,1
сигурност,1
единствен,1
реална,1
влязъл,1
банята,1
рядка,1
къмпинг,1
програмите,1
зъб,1
предумишлено,1
натиск,1
произнесе,1
потърпевшите,1
обявената,1
моргата,1
изколя,1
момчетата,1
апелативният,1
липсата,1
шестия,1
ценности,1
процесът,1
нарицателно,1
липса,1
имоти,1
документалистите,1
мащабна,1
съкилийник,1
ухото,1
администрацията,1
мултимедиен,1
оживява,1
военнослужещи,1
жилищен,1
строга,1
динкови,1
отвлекли,1
ужасяващата,1
отбраната,1
данните,1
доверие,1
постъпили,1
реални,1
тревожни,1
хемодиализата,1
изпитание,1
работното,1
вятърът,1
дисциплина,1
хъс,1
руенското,1
ябълчево,1
оказана,1
личният,1
благотворителна,1
изслушват,1
сербезова,1
прохода,1
безсилие,1
нетърпимост,1
паметна,1
ексхумират,1
врачанска,1
медицинската,1
мисля,1
моя,1
щом,1
толкова,1
държали,1
кого,1
навън,1
шестима,1
мистериозната,1
науча,1
сметките,1
самоличността,1
платят,1
парти,1
бесарабска,1
нарушава,1
готов,1
врачанската,1
медицински,1
професия,1
йоанна,1
маринова,1
усетим,1
психотерапевт,1
спорят,1
оперира,1
счупване,1
изчезнало,1
изяснени,1
сумер,1
погребем,1
съпротива,1
сярна,1
юристи,1
безплатно,1
обирът,1
катуница,1
чакали,1
установиха,1
предполагаемо,1
зорница,1
отличието,1
тъща,1
части,1
костадинов,1
явор,1
божанков,1
тема,1
велчева,1
страшно,1
страшното,1
останеш,1
ескалира,1
говедарци,1
теб,1
привлякоха,1
отговор,1
жестоката,1
истина,1
дарителска,1
подкрепи,1
куба,1
треньора,1
хоел,1
аррате,1
тежкото,1
европа,1
испанския,1
грабнала,1
гоцеделчевско,1
коя,1
отчитат,1
милков,1
сърчаджиева,1
деси,1
бакърджиева,1
депутати,1
израснала,1
обсъдиха,1
красотата,1
изисква,1
салони,1
застават,1
колеги,1
следена,1
дариха,1
основните,1
приоритети,1
въртопо,1
добрите,1
международно,1
признание,1
шахмата,1
семейния,1
определи,1
издирвания,1
видинско,1
горящ,1
опазила,1
недостиг,1
скутаре,1
лети,1
пътищата,1
англичанин,1
кочината,1
щастлив,1
пиянски,1
бакалова,1
разменя,1
ласки,1
новия,1
предвижда,1
одобрен,1
първите,1
разви,1
скоростен,1
кататсрофа,1
железн,1
намеси,1
ефект,1
загиналите,1
кожата,1
жал,1
свалена,1
сключвали,1
асистенти,1
рогош,1
отмени,1
документите,1
обвиняема,1
двегодишното,1
филмът,1
дисквалифициран,1
оскарите,1
правилата,1
бурята,1
надживееш,1
упоено,1
концлагера,1
дазд,1
шокиращ,1
драстичен,1
чакам,1
дойдеш,1
проектила,1
черепа,1
швейцарския,1
удо,1
развръзка,1
делта,1
предполагаем,1
любовник,1
скубе,1
блъска,1
фиктивни,1
чужденци,1
последните,1
месеци,1
нанасяне,1
телесни,1
повреди,1
изтезания,1
откакто,1
слуша,1
потърсили,1
преживения,1
прибраха,1
скулптурата,1
викът,1
украинската,1
княжеската,1
отрязани,1
пази,1
докаже,1
трудова,1
злополука,1
хисарското,1
старосел,1
ритал,1
победи,1
отчет,1
нередности,1
посрещна,1
измамил,1
европроекти,1
пострадахме,1
болничната,1
странен,1
споделял,1
сериозна,1
файтон,1
местност,1
блатца,1
ники,1
дрехи,1
дунава,1
разтърсващата,1
единият,1
последният,1
лошият,1
четник,1
процедура,1
дъщеричка,1
естетична,1
свършили,1
измамна,1
източиха,1
виктор,1
спига,1
проверявана,1
редовно,1
източна,1
активисти,1
официална,1
прегазени,1
ощети,1
мощна,1
заразени,1
длъжници,1
ръководена,1
дилър,1
хубаво,1
нервира,1
екологично,1
чист,1
обрана,1
жельо,1
демократично,1
избран,1
центърът,1
имунизации,1
фаталния,1
ваксинирана,1
самия,1
сулуху,1
хасан,1
танзания,1
кредита,1
сбиването,1
пистолетът,1
любим,1
решат,1
бързо,1
длъжни,1
подозирах,1
пътува,1
огнестрални,1
пчелина,1
местността,1
живееща,1
оправдаха,1
подсъдимите,1
сградата,1
алабин,1
пепелник,1
мечтите,1
сбъдват,1
среда,1
яснота,1
навремето,1
казах,1
сигурна,1
тия,1
истерични,1
младите,1
създадем,1
явиха,1
вълчицата,1
кенана,1
пластмасов,1
сачми,1
гонят,1
гларусите,1
начините,1
изпращат,1
прибираме,1
както,1
представях,1
мислеше,1
успее,1
тръгне,1
наследен,1
славчо,1
атанасов,1
узаконяват,1
еднополовите,1
подготвят,1
последната,1
минусови,1
май,1
обещание,1
украинци,1
възможни,1
родовите,1
вражди,1
посегателство,1
дрогирани,1
изнасилвани,1
заключи,1
подпали,1
смъртоносен,1
вързал,1
рекорд,1
звъни,1
смъртният,1
рано,1
излязат,1
хистологичните,1
шефът,1
държавният,1
черни,1
балони,1
небето,1
виноград,1
бухалки,1
пакетче,1
семки,1
добрина,1
инвалидна,1
количка,1
страсти,1
постановката,1
федра,1
бойка,1
велкова,1
вътрешния,1
преследвана,1
пробация,1
соченият,1
чирков,1
помни,1
прибрал,1
демографската,1
невяна,1
принадлежеше,1
венци,1
боксьора,1
така,1
клеветят,1
досиетата,1
пандора,1
следствено,1
обеси,1
окървавена,1
банкнота,1
издали,1
подкрепя,1
авиобазата,1
правила,1
безопасност,1
нарушени,1
предпочитам,1
обучението,1
присъствена,1
удавеното,1
върната,1
истанбул,1
забогатяване,1
прайда,1
фигурки,1
братовчеди,1
исхемичен,1
инсулт,1
запалване,1
тайния,1
жест,1
тикток,1
спасил,1
безценност,1
фотоизложба,1
личните,1
партньорите,1
арестувала,1
колекция,1
застаряващото,1
население,1
повечето,1
обиди,1
порцелан,1
приказка,1
арестувана,1
избра,1
макариев,1
повело,1
съседско,1
ива,1
организирани,1
гонки,1
британец,1
заровил,1
блс,1
принуждават,1
ведомствено,1
гложене,1
бедрото,1
спечелило,1
километровата,1
обиколка,1
скенер,1
касиерката,1
осуетила,1
бягството,1
банковия,1
обирджия,1
истински,1
боец,1
сериозни,1
атака,1
врани,1
видим,1
дланта,1
изстрадана,1
ефективно,1
изгоряла,1
честно,1
темида,1
въздух,1
мотивите,1
доведеният,1
откритото,1
кладенец,1
ямболско,1
предсрочно,1
освобождаване,1
извратеност,1
позор,1
снима,1
спасителна,1
стари,1
футбол,1
чувство,1
печалбата,1
посочената,1
всъщност,1
подписа,1
рождения,1
мъртвото,1
разрешение,1
ранила,1
нагоре,1
тренират,1
сик,1
съща,1
официално,1
насилва,1
удря,1
водена,1
омраза,1
диктофон,1
записал,1
имунитета,1
членството,1
доживот,1
нато,1
разширяват,1
извинение,1
дървото,1
лидери,1
парцела,1
собствениците,1
кауза,1
латида,1
влекач,1
цистерна,1
гърлото,1
бич,1
руши,1
човешки,1
съдби,1
върнал,1
екопарка,1
физическа,1
политически,1
крясъци,1
рязано,1
диабет,1
обследва,1
сочения,1
отстраниха,1
подкрепял,1
незащитените,1
признава,1
илиана,1
раева,1
раев,1
невиждана,1
говорни,1
дефекти,1
хеликоптер,1
юрисконсултът,1
обижда,1
регистър,1
педофилия,1
позорна,1
недостойна,1
срам,1
такива,1
определения,1
фентанил,1
отреже,1
навреме,1
музика,1
учил,1
главната,1
човечност,1
гецово,1
обезобразената,1
пони,1
отхапа,1
пръста,1
собственичка,1
ферма,1
биволи,1
фермерки,1
промяна,1
погубени,1
животи,1
приключих,1
психиатрично,1
правосъдие,1
обявил,1
кризисните,1
настаняват,1
мазето,1
удушил,1
предотвратява,1
ефективните,1
семейно,1
крещеше,1
обгорената,1
европейският,1
изритал,1
зрелищен,1
казино,1
меркюри,1
фреди,1
резултатите,1
проверката,1
демерджиев,1
изключително,1
несигурни,1
нестабилни,1
нарушил,1
оправи,1
защитила,1
очистя,1
паунда,1
централната,1
тече,1
къро,1
юар,1
крим,1
цик,1
публикация,1
пленарната,1
зала,1
коментари,1
петков,1
доскоро,1
съжителства,1
постройки,1
илина,1
мутафчиева,1
важно,1
вписване,1
интимната,1
незаконни,1
филип,1
аврамов,1
протестите,1
бореща,1
двойното,1
миналата,1
предложения,1
учен,1
подпалени,1
оправдава,1
демонстрираха,1
можем,1
кажем,1
сестричката,1
братчето,1
учения,1
провесване,1
радослав,1
ухапвания,1
упражнено,1
недопустимост,1
пловдивчанин,1
шуманова,1
гднп,1
имаме,1
лавина,1
обнародвани,1
прибирай,1
ханс,1
папи,1
границата,1
босилеградско,1
българското,1
горно,1
уйно,1
виница,1
съучастник,1
стражица,1
киселова,1
окажат,1
противоконституционни,1
прощаваме,1
настоява,1
вежди,1
провокатор,1
оспорени,1
агитка,1
пушене,1
острига,1
терапия,1
насилниците,1
инспектората,1
всс,1
журналисти,1
гледането,1
средствата,1
отслабна,1
сетне,1
реагираха,1
изпращайте,1
видеа,1
гьонева,1
стигне,1
хипотезата,1
адв,1
киров,1
идентичността,1
сринато,1
залива,1
хронологията,1
разпити,1
нормален,1
закача,1
звяр,1
политическите,1
реакции,1
сезирал,1
многохилядни,1
възстановяването,1
чаканите,1
поредния,1
пропуск,1
предишен,1
порнография,1
константинова,1
пропагандата,1
страхьт,1
третия,1
пол,1
осакатиха,1
пренаредиха,1
непрекъснато,1
оставка,1
обясняваше,1
раждането,1
куршума,1
тити,1
папазов,1
признанието,1
зомбори,1
демонстрация,1
владо,1
обади,1
пилатес,1
увеличили,1
дебатът,1
спазване,1
инсцениране,1
пилотни,1
възкръснал,1
линейки,1
катафалки,1
лолита,1
отказали,1
приемат,1
мексиканката,1
застрелян,1
деян,1
разпитите,1
полицейското,1
намерения,1
щръклево,1
затвори,1
превозвал,1
съмнителна,1
намалената,1
пето,1
денонощие,1
бизнесмена,1
рязък,1
престъпленията,1
свързани,1
осъдените,1
новият,1
закрила,1
бозвелийско,1
вселена,1
пребивавало,1
установено,1
намушкани,1
преобладаващо,1
местоживеенето,1
свидетели,1
зрелищния,1
правеха,1
маневри,1
избягат,1
извадило,1
идвал,1
боксове,1
колектори,1
мистериозен,1
sms,1
варненка,1
водеща,1
животоспасяващи,1
пернишки,1
пендиков,1
внимават,1
разлютят,1
състезават,1
короната,1
нападнати,1
куфари,1
убийци,1
политическо,1
насила,1
русенец,1
подполк,1
сгп,1
дърщеря,1
излежава,1
елхово,1
срещата,1
ръководители,1
отговорният,1
привлечен,1
хода,1
производството,1
прецизира,1
феминистки,1
инсулин,1
шамари,1
опря,1
слави,1
остра,1
малък,1
хранителни,1
стоки,1
изискванията,1
издирваха,1
човешките,1
иранските,1
кончината,1
чадър,1
старши,1
матрос,1
раковски,1
пъдарско,1
насилвана,1
озапти,1
постанови,1
районният,1
десета,1
показва,1
изследване,1
смешно,1
инфаркт,1
нереално,1
спасява,1
заплахите,1
ударите,1
каталог,1
редовни,1
контакти,1
подозирам,1
извършено,1
съмнения,1
настинка,1
другите,1
блокираната,1
замърсява,1
донев,1
гинеколог,1
менопаузата,1
благоева,1
пробойни,1
кокаляне,1
доказано,1
скрита,1
служебен,1
макаров,1
базирано,1
страхуваше,1
отношенията,1
изострени,1
главният,1
секретар,1
намереното,1
подаден,1
прегръдка,1
инстанция,1
почете,1
полово,1
новината,1
чаушеску,1
виждал,1
такава,1
служебният,1
тъп,1
съдейства,1
думи,1
удобни,1
въпроси,1
края,1
декември,1
стойчев,1
нямаме,1
подготвени,1
порнографски,1
казваше,1
ревнив,1
намалиха,1
разпознала,1
тормозил,1
балабанов,1
студио,1
намерихме,1
козметично,1
преговори,1
антикорупция,1
изхвърля,1
дарители,1
възстановят,1
сумата,1
предмет,1
предпочиташ,1
картина,1
студиа,1
бахаров,1
вергов,1
левски,1
андреа,1
драганова,1
психическият,1
неприятен,1
физическия,1
мугла,1
струва,1
публикуван,1
тъмно,1
отриха,1
glas,1
тина,1
ивайлова,1
заснет,1
молбите,1
вселената,1
изпълниха,1
светлина,1
опора,1
владимиров,1
прецизно,1
обмислено,1
подготвено,1
действие,1
поднасят,1
доктора,1
изтеклите,1
ментални,1
тая,1
помия,1
поднесе,1
цвете,1
акцията,1
укривала,1
внучетата,1
актриса,1
куриоз,1
плащала,1
поликлиника,1
лично,1
годеч,1
искра,1
преподава,1
патриотизъм,1
гълъб,1
мърцишор,1
докия,1
любопитни,1
факта,1
мартениците,1
искала,1
раздели,1
ванко,1
