Title,URL,Source,Type,DateTime,Article,Location,Keywords1,Keywords2
Убитият мъж в Мадан - син на местен бизнесмен. Изпращал настойчиво съобщения на обвързана жена,https://btvnovinite.bg/bulgaria/ubitijat-mazh-v-madan-sin-na-mesten-biznesmen-izprashtal-nastojchivo-saobshtenija-na-obvarzana-zhena.html,btvnovinite.bg,TV news,2025-11-27 20:39:00,"Убийство на 23-годишен мъж потресе Мадан. Младежът е син на известен местен бизнесмен. Предполагаемите трима убийци са задържани – мотивът е спор за жена. Две групи младежи се срещат на улицата през нощта. Потърпевшият е нападнат от трима, а негови приятели се опитват да прекратят побоя с изстрели от газов пистолет във въздуха, а тялото на убития пада в близката река. Причината за инцидента -  спор за жена. 23-годишният младеж и негов приятел търсели контакт с нея в социалните мрежи, а тя се оплакала на приятеля си. ""След отказ от нейна страна за комуникация, комуникацията е продължила и са били изпращани настойчиво съобщения"", посочва старши комисар Цветан Цанков, директор на ОДМВР–Смолян. ""Няма прострелни рани по пострадалия или по някой друг. Мотивът за убийството е любовна драма"", казва Недко Симов, окръжен прокурор на Смолян. Хората в Мадан са потресени. ""Нищо лошо не е правило момчето, за да заслужи това. Абсурдно е това!... Добро момче"", коментира Копринка Иванова. Срещу тримата ще бъде повдигнато обвинение за умишлено убийство. Последвайте ни за още актуални новини в Google News Showcase Последвайте btvnovinite.bg във VIBER Последвайте btvnovinite.bg в INSTAGRAM Последвайте btvnovinite.bg във FACEBOOK Последвайте btvnovinite.bg в TIKTOK","Мадан, Смолян", жена,"уби,  прострел"
23-годишният Костадин Кабаджов е починал след побой заради жена,https://btvnovinite.bg/bulgaria/23-godishnijat-kostadin-kabadzhov-e-pochinal-sled-poboj-zaradi-zhena.html,btvnovinite.bg,TV news,2025-11-27 15:53:00,"23-годишният Костадин Кабаджов е починал след побой заради „спор за жена и мъжка чест“, казаха от прокуратурата по време на брифинг относно убийството в Мадан. На 26 ноември 2025 г., около 22.12 ч. е получен сигнал на тел. 112 за намерен починал мъж в коритото на река в землището на гр. Мадан, в посока главния път за гр. Златоград. Незабавно към мястото са изпратени екипи на полицията и Спешна помощ. По главата и тялото на мъже е имало множество контузни рани. Той е бил убит с удари. Няма огнестрелни рани. Трима са арестувани. Жертвата и арестуваните са влезли в конфликт заради жена. При срещата им се стига до конфликт. Извършителите са от Кърджали. Удряли са го в главата, след което той е паднал в реката край винпрома на Мадан. Според разследващите единият от нападателите имал интимна приятелка, която била притеснявана онлайн от убития. Последвайте ни за още актуални новини в Google News Showcase Последвайте btvnovinite.bg във VIBER Последвайте btvnovinite.bg в INSTAGRAM Последвайте btvnovinite.bg във FACEBOOK Последвайте btvnovinite.bg в TIKTOK","Златоград, Кърджали, Мадан, гр. Златоград, гр. Мадан", жена,"уби, жертва"
"Задържаха мъж, пребил 76-годишната си майка",https://btvnovinite.bg/bulgaria/sofijska-rajonna-prokuratura-obvini-i-zadarzha-mazh-nanesal-telesna-povreda-na-76-godishnata-si-majka.html,btvnovinite.bg,TV news,2025-11-25 10:02:00,"Софийска районна прокуратура обвини и задържа 53-годишен мъж, нанесъл телесна повреда на 76-годишната си майка. Събраните до момента доказателства сочат, че на 23.11.2025 г. в ж.к. „Дружба“в гр. София обвиняемият К.Ц. е нанесъл удари с ръце в областта на главата на своята майка. Вследствие на това, той й е причинил лека телесна повреда, изразяваща се в множество подкожни хематоми по лицето и главата й. Деянието е извършено в условията на домашно насилие. По случая е образувано досъдебно производство за престъпление по чл. 131, ал. 1, т. 5а, вр. чл. 130, ал. 2 от НК, за което се предвижда наказание „лишаване от свобода“. С постановление на наблюдаващ прокурор К.Ц. е задържан за срок до 72 часа. Той е осъждан. Предстои прокурор да внесе искане в Софийски районен съд за определяне на постоянна мярка за неотклонение „задържане под стража“ спрямо обвиняемия.Последвайте ни за още актуални новини в Google News Showcase Последвайте btvnovinite.bg във VIBER Последвайте btvnovinite.bg в INSTAGRAM Последвайте btvnovinite.bg във FACEBOOK Последвайте btvnovinite.bg в TIKTOK ",гр. София,майка,"домашно насилие, насил"
"Задържаха мъж, избил зъбите на жената, с която живее",https://btvnovinite.bg/bulgaria/zadarzhaha-mazh-izbil-zabite-na-zhenata-s-kojato-zhivee.html,btvnovinite.bg,TV news,2025-11-24 11:17:00,"Софийска районна прокуратура привлече към наказателна отговорност 26-годишен мъж, избил зъбите на жената, с която живее. На 21 ноември в жилище в с. Кубратово обвиняемият е нанесъл удари с юмруци по главата и тялото, както и е скубал косата на жената, с която живее във фактическо съжителство. Обвиняемият е отскубнал цели участъци с коса от главата на жената, избил ѝ е зъби и ѝ причинил множество кръвонасядания и отоци по цялото тяло. Вследствие на това ѝ е нанесъл средна телесна повреда. Деянието е извършено с особена жестокост чрез продължително нанасяне на побой и в условията на домашно насилие. По случая е образувано досъдебно производство за престъпление, за което се предвижда наказание „лишаване от свобода“. Мъжът е задържа за срок до 72 часа. Той е осъждан, като към момента е в изпитателен срок по предходно осъждане. По искане на прокурор съдът му е наложил постоянна мярка ""задържане под стража"". Мярката подлежи на обжалване пред Софийския градски съд. Последвайте ни за още актуални новини в Google News Showcase Последвайте btvnovinite.bg във VIBER Последвайте btvnovinite.bg в INSTAGRAM Последвайте btvnovinite.bg във FACEBOOK Последвайте btvnovinite.bg в TIKTOK","Кубрат, с. Кубратово", жена,"домашно насилие, насил"
Нов механизъм за помощ и подкрепа на пострадали от домашно насилие влиза в закона,https://btvnovinite.bg/bulgaria/nov-mehanizam-za-pomosht-i-podkrepa-na-postradali-ot-domashno-nasilie-vliza-v-zakona.html,btvnovinite.bg,TV news,2025-11-20 19:49:00,"Нов механизъм за помощ и подкрепа на пострадали от домашно насилие влиза в закона. Той дава шанс на жертвите за по-бърза координация на институциите и получаване на пълна защита. Няма да ви покажем лицето и името на 43-годишната жена, жертва на насилие, която миналата седмица се е обърнала към Анимус, но, благодарение на новия механизъм, тя вече е стигнала до съда. ""Страшно е! Сега, тя не се върна там, където живее с извършителя на насилие, тя е от случаите, в които има подкрепяща среда. Тоест, тя успя да отиде някъде другаде заедно с децата"", казва Николина Ганева, юрист, ръководител на правната клиника ""Анимус"".  Министерството на правосъдието започва работата си върху този координационен механизъм още през 2012 година. ""Смятайте колко време сме искали и сме го допълвали, и се е преработвал и е имало негативни нагласи към него и някой не го е искал"", казва Надежда Стойчева, директор на фондация ""Асоциация Анимус"". ""Насилието и агресията не е само въпрос на правосъдие. Те са следствие. И те се сблъскват с правосъдието, когато се проявят много преди да стане белята. Много преди да посегне един човек на друго човешко същество или животно, са се счупили и скъсали много други връзки"", коментира Георги Георгиев, министър на правосъдието. Според статистиката, 43-годишната жена от този разказ е един от онези 53 хиляди случаи на обаждания, регистрирани за последната година от жертви на домашно насилие. И една от жените, чийто живот е започнал отначало. 0800 18676 е телефонът на Фондация ""Асоциация Анимус"" за 24-часова анонимна помощ. Последвайте ни за още актуални новини в Google News Showcase Последвайте btvnovinite.bg във VIBER Последвайте btvnovinite.bg в INSTAGRAM Последвайте btvnovinite.bg във FACEBOOK Последвайте btvnovinite.bg в TIKTOK  ",,домашно насилие,"домашно насилие, насил, жертва"
"20 години затвор за жена, участвала в убийствата на двама братя и техен приятел",https://btvnovinite.bg/bulgaria/20-godini-zatvor-za-zhena-uchastvala-v-ubijstvata-na-dvama-bratja-i-tehen-prijatel.html,btvnovinite.bg,TV news,2025-11-20 14:48:00,"Жена е осъдена на 20 години затвор за участие в убийствата на трима туристи при кражба на кола в Мексико миналата година. 23-годишната Ари Гизел се признава за виновна в подбудителство към насилственото нападение над австралийските братя Джейк и Калъм Робинсън и техния американски приятел Картър Роуд, които са пътували, за да карат сърф в северния мексикански щат Баха Калифорния през април 2024 г. По време на пътуването си тримата млади мъже изчезват. Телата им по-късно са открити с огнестрелни рани по главата на дъното на дълбок кладенец, коментира Би Би Си. Ари Гизел е проявила интерес към гумите на автомобила на сърфистите. Тя се е свързала тогава с тогавашния си приятел Хесус Херардо и е заявила да ѝ „занесе добър телефон и добри гуми за пикапа ѝ“. Хесус Херардо и двамата негови приятели проследили превозното средство на американците до къмпинга, където били отседнали чужденците. Там ги ограбили, а след това и застреляли. Делата срещу тримата мъже, обвинени в извършването на убийствата, все още са в съда. Според мексиканския вестник La Slav Rota двама от тях имат връзки с могъщия наркокартел Синалоа, който в продължение на много години е бил ръководен от известния наркобарон Хоакин „Ел Чапо“ Гусман. Поради тези връзки и двамата мъже са задържани в Ел Хонго, а след това са били изпратени в затвор с максимална сигурност в Баха Калифорния. Прокурорите обаче не смятат, че има връзка между убийствата и организираната престъпност, посочва Австралийската радиоразпръсквателна корпорация (ABC). Семействата на жертвите, които се включват в процеса чрез видеоконферентна връзка, правят емоционални изявления на изслушването в сряда. „Мечтаехме да ги видим да пораснат, да имат деца. Всичко това вече не съществува “, коментира майката на Калъм и Джейк - Дебра Робинсън, цитираната от ABC. 33-годишният Калъм Робинсън е бил член на националния отбор по лакрос на Австралия и е живял в Сан Диего, точно от другата страна на границата между САЩ и Мексико. Последвайте ни за още актуални новини в Google News Showcase Последвайте btvnovinite.bg във VIBER Последвайте btvnovinite.bg в INSTAGRAM Последвайте btvnovinite.bg във FACEBOOK Последвайте btvnovinite.bg в TIKTOK",, жена,"уби, застрел, насил"
"Познавали се от години, всеки ден се чували: 26-годишна жена отива на съд за убийството на мъж в Пловдив",https://btvnovinite.bg/bulgaria/poznavali-se-ot-godini-vseki-den-se-chuvali-26-godishna-zhena-otiva-na-sad-za-ubijstvoto-na-mazh-v-plovdiv.html,btvnovinite.bg,TV news,2025-11-18 16:08:00,"Окръжната прокуратура в Пловдив внесе обвинителен акт срещу 26-годишна жена. Тя е предадена на съд за това, че на 6 януари 2023 г. в Пловдив, в ж.к.“Тракия“, умишлено е умъртвила 50-годишен мъж, съобщиха от държавното обвинение. Двамата се познавали от няколко години. Те се виждали редовно през седмицата и си говорили по телефона всеки ден. На 6 януари 2023 г. мъжът бил на работа, а когато се прибрал жената го посетила в апартамента му в „Тракия“ в Пловдив. Първоначално с тях бил приятел на мъжа, като те се почерпили с алкохол. Когато той си тръгнал, телефонът на жената позвънил, което подразнило жертвата. Той го взел и скрил в джоба си. Поради тази причина между двамата възникнал скандал. Мъжът ударил жената, като впоследствие извадил газов пистолет, който държал под възглавницата на леглото. Той насочил оръжието срещу нея, но тя успяла да го вземе от ръката му и произвела няколко изстрела в тялото му. Според заключението на съдебномедицинската експертиза причината за смъртта на мъжа е остра кръвозагуба. Делото е внесено за разглеждане в Окръжния съд в Пловдив. Последвайте ни за още актуални новини в Google News Showcase Последвайте btvnovinite.bg във VIBER Последвайте btvnovinite.bg в INSTAGRAM Последвайте btvnovinite.bg във FACEBOOK Последвайте btvnovinite.bg в TIKTOK",, жена,"смърт, жертва"
"Задържаха 30-годишен мъж, нанесъл побой на баба си в Стара Загора",https://btvnovinite.bg/bulgaria/zadarzhaha-30-godishen-mazh-nanesal-poboj-na-baba-si-v-stara-zagora.html,btvnovinite.bg,TV news,2025-11-17 14:27:00,"Мъж на 30 години е задържан за 24 часа за нанасяне на побой на възрастна жена в Стара Загора, съобщиха от полицията. Пострадалата е 75-годишна жена, която е баба на сочения за извършител. Инцидентът е станал снощи около 20:30 часа в жилище в областния град. По случая е образувано досъдебно производство. Това е пореден случай на домашно насилие от внук към баба в Стара Загора - през март две възрастни жени станаха жертви на домашно насилие от внуците си. Районната прокуратура в Стара Загора е ръководила разследвания по 237 досъдебни производства за престъпления, извършени в условията на домашно насилие през миналата година. Това е с близо 100 случая повече в сравнение с 2023 година. Последвайте ни за още актуални новини в Google News Showcase Последвайте btvnovinite.bg във VIBER Последвайте btvnovinite.bg в INSTAGRAM Последвайте btvnovinite.bg във FACEBOOK Последвайте btvnovinite.bg в TIKTOK",Стара Загора,баба,"домашно насилие, насил"
"Обвиниха двама мъже и жена за отвличане на момиче, открито в къща в Свиленградско",https://btvnovinite.bg/bulgaria/obviniha-dvama-mazhe-i-zhena-za-otvlichane-na-momiche-otkrito-v-kashta-v-svilengradsko.html,btvnovinite.bg,TV news,2025-11-14 17:19:00,"Задържаха трима души, сред които и жена, за отвличането на 21-годишно момиче в Свиленград. На тримата похитители е повдигнато обвинение, а жертвата е открита жива и здрава в къща в свиленградското село Мустрак. С единия от похитителите, жената е живеела на семейни начала преди време. Предполага се, че мотив за престъплението е ревност. На 13 ноември в 3:20 часа сутринта е получен сигнал на тел. 112 във връзка с това, че жител на Свиленград е видял, че младо момиче се е качило насила в лек автомобил, като е крещяла, става ясно от брифинг на ОД МВР и прокуратурата в Хасково. Сформирана е група и по горещи следи, служителите на РУ Свиленград са стигнали до село Мустрак, където в къща е установено отвлеченото момиче, както и 44-годишна жена, осъждана и криминално проявена. В къщата е бил и мъж на 27 години от Свиленград, който е бил в близки отношения с жертвата. Автомобилът, с който е била отвлечена жената, е бил спрян на АМ „Марица“. В него са пътували мъже на 40 и 42 г. 40-годишният е задържан, тъй като е бил шофьор, в момента на отвличането. Жертвата има натъртвания по тялото. И тримата задържани са осъждани и криминално проявени. За двама от тях има утежняващи условия, тоест престъплението е извършено при условията на опасен рецидив - осъждани са многократно и са изтърпявали ефективно повече от два пъти лишаване от свобода. Всички са задържани за 72 часа с прокурорско разпореждане. Срещу тях са повдигнати обвинения за това, че в съучастие като съизвършители са отвлекли 21-годишната българска гражданка. Наказанието за двамата, които са в рецидив, може да е от 10 до 20 години или доживотен затвор. От прокуратура ще искат постоянното им задържане. Последвайте ни за още актуални новини в Google News Showcase Последвайте btvnovinite.bg във VIBER Последвайте btvnovinite.bg в INSTAGRAM Последвайте btvnovinite.bg във FACEBOOK Последвайте btvnovinite.bg в TIKTOK","Свиленград, Хасково"," жена, момиче","насил, жертва"
Жена е в кърджалийската болница със счупена челюст след домашно насилие,https://btvnovinite.bg/bulgaria/zhena-e-v-kardzhalijskata-bolnica-sas-schupena-cheljust-sled-domashno-nasilie.html,btvnovinite.bg,TV news,2025-11-04 13:11:00,"Жена от Кърджали е със счупена челюст, а травмата е причинена в условията на домашно насилие. Това съобщиха от Областната дирекция на МВР в Кърджали, цитирана от БТА. От полицията уточниха, че жената е настанена за лечение в кърджалийската болница. Телесната повреда е била нанесена от мъжа, с когото пострадалата е живеела на семейни начала. Нападната е вчера – 3 ноември, около 18:30 часа. По случая е образувано досъдебно производство срещу извършителя, който е жител  на община Стамболово, област Хасково. Мъжът е задържан за срок до 24 часа, по Закона за МВР. Районната прокуратура в Кърджали отчита ръст през последните две години на преписките и досъдебните производства, касаещи домашно насилие, наблюдавани от тях. За 2024 г. те са 105, а по 98 от наблюдаваните дописки има решения. Повдигнати са десет обвинения и са решени общо 27 досъдебни производства. Осъдените с влязъл в сила съдебен акт са 13 – три с ефективно лишаване от свобода, две с условни лишавания от свобода и осем глоби. Последвайте ни за още актуални новини в Google News Showcase Последвайте btvnovinite.bg във VIBER Последвайте btvnovinite.bg в INSTAGRAM Последвайте btvnovinite.bg във FACEBOOK Последвайте btvnovinite.bg в TIKTOK","Кърджали, Стамболово, Хасково",домашно насилие,"домашно насилие, насил"
"Дългове ли стоят зад всичко? Майката на обявения за мъртъв мъж, открит жив след години: Не съм чула. Не знам. Не помня",https://btvnovinite.bg/bulgaria/dalgove-li-stoja-zad-vsichko-majkata.html,btvnovinite.bg,TV news,2025-11-03 19:34:00,"Мъжът, обявен за починал преди години, когото служители на парк ""Пирин"" случайно откриха жив в планината, е 64-годишният Боян Иванов от Русе. Мъжът е в неизвестност от 12 години, а през 2020 г. е обявен за починал от съда, по искане на роднините му. Какво стои зад мистериозното му изчезване и още по-странната му поява на 30 октомври в планината над Банско, разказват Мариета Димитрова и Емил Димитров. Екипът ни открива майката на Боян - Тодора Александрова, в къщата ѝ в Ново село. Не е особено дружелюбна. Чувала ли си, че са намерили сина ти Боян? Не съм чувала нищо … Откога го няма Боян? Не знам, не помня. А какво може да ми кажеш за Боян? Нищо не мога да кажа. Нищо не мога да кажа. Той кога изчезна? Къде е? Нещо? Не знам, не знам нищо.….. Помни го обаче бившият домоуправител в блока в Русе, където някога е живеел мъжът. ""Живееха на 11-ия етаж преди може би 20 години. Продадоха апартамента. И тогава единствено съм виждал писма, които са получавали за него. ….Издател беше на кръстословици. Книжки издаваше с кръстословици… През годинитe сe чу, че е починал. И това беше…"", коментира Мирослав Малчев.  От общината в Русе признават, че за първи път имат подобен случай. Община Русе е изпълнила разпореждане на Районния съд в Русе, с което е постановено да се издаде смъртен акт на лицето. Решението на съда в Община Русe е пристигнало през 2020 година, към края на годината. Мъжът изчезва през есента на 2013 г., а през 2015 г. майка му подава молба до полицията за издирване.  Според свидетели по делото Боян е бил търсен от лихвари и съдия-изпълнители заради дългове. Случайно го откриват паркови служители в петък, край незаконния му бивак в Национален парк ""Пирин"", където се предполага, че се е настанил преди дни. „Предполагаме около седмица. Мястото, на което е намерена палатката, е близо до река Демяница, местността ""Чалин валог"". Парковата охрана преди седмица е минала за упражняване на контрол по незаконен риболов и там не е имало палатка“, коментира Росен Баненски,  директор на  Национален парк ""Пирин"". Мъжът се държал враждебно и отказал да събере палатката си. Извикан е полицейски екип, който установява, че мъжът няма документи и е заведен в полицейското управление. Там става ясно, че е обявен за починал преди 5 години. „Когато едно лице е обявено за починало, то е наказателно неотговорно. Това лице не може да носи наказателна и административна отговорност. Това лице не може да бъде предмет на разследване, не може да бъде предмет на задържане“, коментира адв. Мартин Бусаров.  Това е причината, мъжът да бъде пуснат да си ходи и в момента отново да е в неизвестност. Въпреки, че е установена самоличността му, процедурата по официалното му обявяне за жив зависи само от него, или роднините му. Според адв. Бусаров, докато такова производство не бъде поискано от лицето, или неговите близки, този човек не съществува в правния мир. По информация от наши източници, голяма част от времето, в което Боян Иванов е бил в неизвестност, той е прекарал в съседна Гърция, където е работил във ферма, като пастир. Кога се е върнал у нас обаче не е ясно. От Районната прокуратура в Благоевград, казаха за bTV, че на мъжa е предложено настаняване в социално заведение, но той е отказал. Материалите по случая са изпратени по компетенция на прокуратурата в Русе. Въпреки установената самоличност, Боян Иванов създава един сложен юридически казус. Дори самоличността му според юристи е под въпрос, защото тя се установява по три начина - по документи, каквито мъжът няма, чрез пръстови отпечатъци и снимки, взети при криминална регистрация, каквото Боян Иванов също няма, и чрез вземане на биологичен материал, за каквото действие няма информация да е извършено. Тоест неговата самоличност е установена само на база данните, дадени от него, което според адвокат, с който разговаряхме по-рано днес, не може да се кредитира с пълно доверие. Последвайте ни за още актуални новини в Google News Showcase Последвайте btvnovinite.bg във VIBER Последвайте btvnovinite.bg в INSTAGRAM Последвайте btvnovinite.bg във FACEBOOK Последвайте btvnovinite.bg в TIKTOK","Банско, Благоевград, Ново село, Русе",майка,смърт
"Убийство в магазин в София: Жена на 45 години е застреляна в главата (ВИДЕО, ОБНОВЕНА)",https://btvnovinite.bg/bulgaria/policijata-v-sofija-izdirva-mazh-za-ubijstvoto-na-zhena-sobstvenichka-na-denonoshten-magazin.html,btvnovinite.bg,TV news,2025-11-01 08:57:00,"Убийство е станало в София през изминалата нощ. От СДВР потвърдиха за bTV, че става въпрос за убийство в магазин на ул. ""Цар Симеон“. На място са изпратени екипи на полицията. По непотвърдена информация извършителят се издирва. ""Сигналът е получен в 22:59. Линейката е там за 8 мин, но само констатира смъртта на жената"", информират от Спешна помощ. Жертвата е жена на 45 години. Била е застреляна. Има огнестрелна рана в главата. И по първоначални данни е убита с 4 куршума. Образувано е досъдебно производство. Жената е създала фирмата, с която работи магазина през 2021 година. Хора от района, които я познават, казват, че не са чули нищо, а тя не им е споделяла да има притеснения. Най-вероятно става дума за личен мотив, а не грабеж. Очаквайте подробности! Последвайте ни за още актуални новини в Google News Showcase Последвайте btvnovinite.bg във VIBER Последвайте btvnovinite.bg в INSTAGRAM Последвайте btvnovinite.bg във FACEBOOK Последвайте btvnovinite.bg в TIKTOK ",, жена,"уби, застрел, смърт, жертва"
"Задържаха 57-годишен мъж, убил майка си по особено жесток начин",https://btvnovinite.bg/bulgaria/zadarzhaha-57-godishen-mazh-ubil-majka-si-po-osobeno-zhestok-nachin.html,btvnovinite.bg,TV news,2025-10-29 18:41:00,"Задържан е 57-годишен мъж, обвинен за убийството на майка си в с. Студеница, област Шумен, съобщиха от прокуратурата. С решение на Апелативната прокуратура във Варна арестът му е удължен до 72 часа. Бейнан Хюсеин е привлечен към наказателна отговорност за това, че е причинил смъртта на родната си майка. Убийството е извършено с особена жестокост и по особено мъчителен начин за жертвата при условията на домашно насилие, посочват от пресцентъра на Апелативната прокуратура. За случилото се е станало известно на 28 октомври, сигнал е подал внукът на жертвата. Престъплението е извършено в дома на 80-годишната жена. До момента е установено, че 57-годишният мъж е нанесъл на майка си жесток побой, в резултат на който тя е починала. Работата по доказване и документиране на извършеното престъпление продължава и към момента под надзора на прокурор от Окръжна прокуратура-Шумен. Предстои в съда да бъде внесено искане за налагане на най-тежката мярка за неотклонение „задържане под стража“ спрямо обвиняемия. Последвайте ни за още актуални новини в Google News Showcase Последвайте btvnovinite.bg във VIBER Последвайте btvnovinite.bg в INSTAGRAM Последвайте btvnovinite.bg във FACEBOOK Последвайте btvnovinite.bg в TIKTOK","Варна, Шумен, с. Студеница",майка,"домашно насилие, уби, насил, смърт, жертва"
"Синът, убил майка си, леля си и сестра си в Люляково, не бил допускан да ги доближава",https://btvnovinite.bg/bulgaria/sinat-ubil-majka-si-lelja-si-i-sestra-si-v-ljuljakovo-ne-bil-dopuskan-da-gi-doblizhava.html,btvnovinite.bg,TV news,2025-10-21 16:05:00,"25-годишният Фахри Мустафа, убил майка си, леля си и 13-годишната си сестра, не е бил допускан да ги доближава. Сигнал за тройното убийство е получен от 7-годишно момче, брат на убиеца. То оцелява въпреки нараняването си и успява да избяга от къщата. Детето подава сигнала в полицията. Момчето е обяснило, че брат му е прострелял семейството му. Нападението е извършено с ловна пушка. Изпратеният патрул на адреса вижда, че къщата гори. В нея са открити три тела. Заподозреният е избягал след палежа. След това е бил задържан. „Беше агресивен. Ей така минаваше, не сме говорили много с него. Той не говореше с хората“, каза Хайрие, съседка на семейството. „Семейството беше проблемно. Не се разбираха. Имат дело за развод. Цялото семейство беше в едно бедно положение“, каза Хюсеин Ахмед, бивш кмет на община Руен.  Според кмета на Руен Ахмед Мехмед майката не допускала големия си син в имота, в който са живели, защото той ги е тормозил. „Явно някакво отмъщение. Не мога да кажа нищо за психическото му състояние. Работил е тук-там, където намери, като общ работник по строителството“, обясни той, цитиран от БНР. Последвайте ни за още актуални новини в Google News Showcase Последвайте btvnovinite.bg във VIBER Последвайте btvnovinite.bg в INSTAGRAM Последвайте btvnovinite.bg във FACEBOOK Последвайте btvnovinite.bg в TIKTOK",Руен,майка,"уби, тормоз,  прострел"
Майката на Красимир: На мравката път правеше... И да го убият като прасе в мол,https://btvnovinite.bg/bulgaria/majkata-na-ubitija-krasimie.html,btvnovinite.bg,TV news,2025-10-20 22:23:00,"Стотици близки, приятели и съпричастни на семейството на 15-годишния Красимир, който беше фатално ранен с нож в столичен мол, излязоха на протест тази вечер. Пред сградата на СДВР те поискаха доживотен затвор за извършителя, по-строги закони, както и сигурност за всички деца. Преди това демонстрацията, охранявана от полицията, премина по бул. ""Тодор Александров"". Родителите на Красимир са категорични – искат извършителят да бъде съден като възрастен.  Той беше задържан през миналата нощ - 15-годишен с редица криминални прояви. ""Беше възпитан, на мравката път правеше, никога вражди не е имал… И да го убият като прасе в мол, да отиде да се разхожда на ескалатора, да го наръгат с нож, не го е заслужавал. Искаме доживот да го осъдят - нашето дете няма да се върне, искаме неговите родители да изпитат нашата болка"", коментира Надежда Асенова - майката на Красимир, пред bTV. ""Никой не ми дава сведения за моето дете - кога ще ми го дадат, да си го погреба, никой не ми ги дава. Нямам думи в България, нямам думи"", заяви бащата на убито момче Кирил Илиев. Последвайте ни за още актуални новини в Google News Showcase Последвайте btvnovinite.bg във VIBER Последвайте btvnovinite.bg в INSTAGRAM Последвайте btvnovinite.bg във FACEBOOK Последвайте btvnovinite.bg в TIKTOK",,майка,уби
"Задържаха мъж, пребил с дървена тояга 16-годишната си дъщеря",https://btvnovinite.bg/bulgaria/zadarzhaha-mazh-prebil-s-darvena-tojaga-16-godishnata-si-dashterja.html,btvnovinite.bg,TV news,2025-10-20 13:44:00,"Задържаха 52-годишен мъж, нанесъл средна телесна повреда на непълнолетната си дъщеря. За това съобщиха от Софийската районна прокуратура. Събраните до момента доказателства сочат, че на 15 октомври 2025 г. в къща в гр. Банкя, обвиняемият Е.Д. е нанесъл няколко удара с дървена тояга по лявата ръка на 16-годишната си дъщеря, като й е счупил кост на лявата предмишница. Вследствие на това й е причинил средна телесна повреда. Деянието е извършено в условията на домашно насилие. По случая се води досъдебно производство. Е. Д.  е осъждан в миналото, но е реабилитиран. Обвиняемият е задържан за срок до 72 часа с постановление на наблюдаващ прокурор. Прокурор е внесъл искане в Софийски районен съд за определяне на мярка за неотклонение „задържане под стража“ спрямо обвиняемия. Състав на съда се е съгласил с искането и му е наложил най-тежката мярка за неотклонение – „задържане под стража“ . Мярката подлежи на обжалване пред Софийски градски съд.  Последвайте ни за още актуални новини в Google News Showcase Последвайте btvnovinite.bg във VIBER Последвайте btvnovinite.bg в INSTAGRAM Последвайте btvnovinite.bg във FACEBOOK Последвайте btvnovinite.bg в TIKTOK ",гр. Банкя, дъщер,"домашно насилие, насил"
